skater,team,pos,games,shots,ixg,goals,ixg_pg,g_pg,fin_vs_xg
Zach Hyman,EDM,L,352,1106.7,144.17,122.1,0.41,0.347,-22.1
Connor McDavid,EDM,C,368,1347.3,131.83,138.8,0.358,0.377,7.0
Auston Matthews,TOR,C,339,1353.6,124.29,129.7,0.367,0.383,5.4
Nathan MacKinnon,COL,C,362,1606.9,121.63,151.0,0.336,0.417,29.4
Sam Reinhart,FLA,C,357,1112.7,121.08,129.8,0.339,0.363,8.7
John Tavares,TOR,C,362,1069.5,119.1,104.8,0.329,0.289,-14.3
Jake Guentzel,PIT,L,358,1055.1,118.24,120.5,0.33,0.337,2.3
Brady Tkachuk,OTT,L,340,1237.8,111.56,90.1,0.328,0.265,-21.5
David Pastrnak,BOS,R,369,1463.7,107.41,130.5,0.291,0.354,23.1
Leon Draisaitl,EDM,C,355,1182.4,107.06,157.9,0.302,0.445,50.8
Kirill Kaprizov,MIN,L,319,1166.7,107.03,129.4,0.336,0.406,22.4
Mikko Rantanen,COL,R,364,1110.2,105.08,115.9,0.289,0.318,10.8
Seth Jarvis,CAR,C,352,1027.0,104.37,99.0,0.297,0.281,-5.4
Sebastian Aho,CAR,C,446,1258.8,104.06,113.4,0.233,0.254,9.3
Alex Ovechkin,WSH,L,350,1230.7,103.64,117.6,0.296,0.336,14.0
Anders Lee,NYI,L,359,931.9,102.32,72.3,0.285,0.201,-30.0
Jason Robertson,DAL,L,388,1217.0,102.13,132.3,0.263,0.341,30.2
Sam Bennett,FLA,C,334,1042.8,100.94,87.9,0.302,0.263,-13.0
Chris Kreider,NYR,L,363,911.9,100.49,101.7,0.277,0.28,1.3
Tomas Hertl,SJS,C,343,908.0,98.98,82.9,0.289,0.242,-16.0
Timo Meier,SJS,R,345,1252.9,98.92,88.5,0.287,0.256,-10.5
Brandon Hagel,TBL,L,365,916.1,98.83,105.5,0.271,0.289,6.6
Nikita Kucherov,TBL,R,359,1254.3,98.33,119.2,0.274,0.332,20.9
Wyatt Johnston,DAL,C,312,938.5,97.27,111.1,0.312,0.356,13.8
Matthew Tkachuk,CGY,L,325,985.1,96.54,87.3,0.297,0.269,-9.2
Nico Hischier,NJD,C,329,877.8,96.05,91.2,0.292,0.277,-4.9
Alex DeBrincat,CHI,L,357,1147.7,96.03,108.2,0.269,0.303,12.2
Matt Boldy,MIN,L,333,1222.9,95.89,106.2,0.288,0.319,10.3
Carter Verhaeghe,FLA,C,368,1113.1,95.0,99.2,0.258,0.269,4.1
Brayden Point,TBL,C,346,839.1,94.58,108.6,0.273,0.314,14.0
Kyle Connor,WPG,L,366,1162.8,93.99,120.9,0.257,0.33,27.0
Andrei Svechnikov,CAR,R,340,1069.2,93.88,88.9,0.276,0.262,-4.9
Tage Thompson,BUF,R,353,1203.7,92.24,124.2,0.261,0.352,31.9
Dylan Larkin,DET,C,324,1003.0,92.03,96.8,0.284,0.299,4.7
Cole Caufield,MTL,R,348,1147.6,91.93,119.7,0.264,0.344,27.8
Filip Forsberg,NSH,L,341,1210.4,90.83,111.2,0.266,0.326,20.4
Sidney Crosby,PIT,C,345,964.8,90.31,100.9,0.262,0.293,10.6
Adrian Kempe,LAK,C,369,1125.9,90.06,113.4,0.244,0.307,23.3
William Nylander,TOR,R,363,1091.1,89.9,120.6,0.248,0.332,30.7
Steven Stamkos,TBL,C,388,983.1,89.15,116.9,0.23,0.301,27.7
Jake DeBrusk,BOS,L,347,831.6,88.54,77.7,0.255,0.224,-10.8
Roope Hintz,DAL,C,345,778.2,88.37,88.6,0.256,0.257,0.2
Brock Nelson,NYI,C,363,911.7,87.3,100.6,0.241,0.277,13.3
Mika Zibanejad,NYR,C,366,1069.3,87.22,92.7,0.238,0.253,5.4
Nazem Kadri,COL,C,356,1164.2,86.97,80.9,0.244,0.227,-6.1
Joel Eriksson Ek,MIN,C,316,888.3,86.74,66.9,0.274,0.212,-19.8
Bryan Rust,PIT,R,318,901.8,85.78,83.7,0.27,0.263,-2.1
Mark Scheifele,WPG,C,348,818.1,83.71,109.8,0.241,0.315,26.0
Artturi Lehkonen,COL,L,314,731.3,83.3,76.3,0.265,0.243,-7.0
Alex Tuch,BUF,R,327,959.8,82.56,94.1,0.252,0.288,11.5
Jack Eichel,VGK,C,311,1115.9,81.42,86.9,0.262,0.279,5.4
Vincent Trocheck,CAR,C,368,908.3,81.39,70.9,0.221,0.193,-10.4
Ryan Nugent-Hopkins,EDM,C,339,806.1,81.0,75.5,0.239,0.223,-5.5
Brad Marchand,BOS,L,336,871.0,80.62,88.7,0.24,0.264,8.1
Tyler Bertuzzi,DET,L,323,701.8,79.76,75.5,0.247,0.234,-4.2
Rickard Rakell,PIT,R,328,860.1,79.44,77.4,0.242,0.236,-2.0
Tyler Toffoli,CGY,R,361,917.4,79.22,80.9,0.219,0.224,1.7
Clayton Keller,UTA,R,346,987.2,79.17,90.9,0.229,0.263,11.7
Martin Necas,CAR,C,373,1044.2,78.45,92.4,0.21,0.248,13.9
Dylan Cozens,BUF,C,351,833.1,77.61,68.9,0.221,0.196,-8.7
Jack Hughes,NJD,C,294,1010.6,77.53,89.1,0.264,0.303,11.6
Artemi Panarin,NYR,L,367,1174.1,77.51,106.4,0.211,0.29,28.9
Bo Horvat,VAN,C,352,985.6,77.2,95.6,0.219,0.272,18.4
Jesper Bratt,NJD,L,350,899.2,77.05,74.0,0.22,0.212,-3.0
Valeri Nichushkin,COL,R,274,746.0,76.79,74.7,0.28,0.273,-2.0
Ryan O'Reilly,STL,C,333,683.4,76.79,71.6,0.231,0.215,-5.2
Nick Suzuki,MTL,C,369,881.5,75.94,91.1,0.206,0.247,15.2
Kevin Fiala,MIN,L,349,980.1,75.06,82.5,0.215,0.236,7.4
J.T. Miller,VAN,C,332,795.1,73.87,77.2,0.222,0.233,3.3
Tom Wilson,WSH,R,304,708.9,73.86,80.1,0.243,0.264,6.3
Travis Konecny,PHI,R,345,906.7,73.15,80.8,0.212,0.234,7.7
Brock Boeser,VAN,R,325,777.3,73.13,80.7,0.225,0.248,7.6
Drake Batherson,OTT,R,333,863.7,72.38,84.5,0.217,0.254,12.2
Nick Schmaltz,UTA,C,318,770.6,71.95,76.2,0.226,0.24,4.3
Blake Coleman,CGY,C,346,804.9,71.93,60.3,0.208,0.174,-11.6
Elias Lindholm,CGY,C,347,760.3,70.87,66.0,0.204,0.19,-4.8
Anthony Cirelli,TBL,C,329,631.3,70.82,65.6,0.215,0.199,-5.2
Pavel Dorofeyev,VGK,L,231,825.7,70.79,86.0,0.306,0.372,15.2
Dawson Mercer,NJD,C,340,672.7,70.67,63.1,0.208,0.186,-7.6
Mark Stone,VGK,R,258,636.2,70.59,76.2,0.274,0.295,5.6
Jonathan Marchessault,VGK,C,366,889.3,70.44,77.3,0.192,0.211,6.9
Ryan Hartman,MIN,R,328,872.1,69.79,64.3,0.213,0.196,-5.5
Jordan Kyrou,STL,C,360,945.2,69.62,89.3,0.193,0.248,19.7
Troy Terry,ANA,R,325,830.9,69.51,68.7,0.214,0.212,-0.8
Matt Duchene,NSH,C,340,711.4,69.12,78.7,0.203,0.231,9.6
Owen Tippett,PHI,R,334,970.0,68.84,73.9,0.206,0.221,5.1
Gabriel Vilardi,LAK,C,257,584.5,67.84,74.6,0.264,0.29,6.8
Jason Zucker,PIT,L,305,695.6,67.75,63.2,0.222,0.207,-4.5
Michael Bunting,TOR,L,325,719.6,67.7,55.5,0.208,0.171,-12.2
Jamie Benn,DAL,L,343,645.7,66.28,61.6,0.193,0.18,-4.7
Brayden Schenn,STL,C,336,636.6,65.75,59.6,0.196,0.177,-6.1
Nikolaj Ehlers,WPG,L,343,1025.7,65.62,82.7,0.191,0.241,17.1
Pavel Buchnevich,STL,L,344,726.2,65.44,71.8,0.19,0.209,6.4
Jordan Staal,CAR,C,341,656.0,65.4,58.3,0.192,0.171,-7.1
Elias Pettersson,VAN,C,338,900.1,65.35,74.8,0.193,0.221,9.5
Evgeni Malkin,PIT,C,296,679.0,64.87,65.5,0.219,0.221,0.7
Warren Foegele,EDM,L,346,774.8,64.86,53.2,0.187,0.154,-11.6
Ross Colton,TBL,C,353,736.3,64.67,47.8,0.183,0.135,-16.9
Nino Niederreiter,CAR,R,355,618.7,64.49,52.0,0.182,0.147,-12.4
Ivan Barbashev,STL,C,357,655.1,64.41,74.4,0.18,0.209,10.0
Pavel Zacha,NJD,C,340,648.6,64.4,66.5,0.189,0.196,2.1
Trevor Moore,LAK,C,333,857.4,64.38,56.7,0.193,0.17,-7.7
Corey Perry,TBL,R,327,576.5,64.07,59.0,0.196,0.18,-5.1
Quinton Byfield,LAK,C,298,734.5,62.83,57.6,0.211,0.193,-5.2
Lucas Raymond,DET,L,327,744.3,62.49,76.0,0.191,0.232,13.5
Mason McTavish,ANA,C,279,699.9,62.45,52.3,0.224,0.188,-10.1
Dylan Strome,CHI,C,328,653.0,62.36,73.4,0.19,0.224,11.1
Jordan Eberle,SEA,R,330,655.6,62.18,58.8,0.188,0.178,-3.4
Charlie Coyle,BOS,C,352,623.6,62.06,60.0,0.176,0.17,-2.1
Vladimir Tarasenko,STL,R,359,749.9,61.12,69.0,0.17,0.192,7.9
Shane Pinto,OTT,C,247,601.2,60.86,52.4,0.246,0.212,-8.4
Jared McCann,SEA,L,329,800.4,60.75,76.9,0.185,0.234,16.2
Aleksander Barkov,FLA,C,278,670.4,60.59,59.5,0.218,0.214,-1.1
Frank Vatrano,NYR,C,327,758.3,60.4,56.8,0.185,0.174,-3.6
Viktor Arvidsson,LAK,L,289,772.2,60.35,59.8,0.209,0.207,-0.5
Alex Killorn,TBL,L,365,678.1,60.24,63.0,0.165,0.173,2.8
Mason Marchment,FLA,L,314,676.3,60.21,61.5,0.192,0.196,1.3
Mikael Backlund,CGY,C,363,879.7,60.16,49.2,0.166,0.136,-11.0
Jordan Martinook,CAR,L,338,731.4,60.07,43.3,0.178,0.128,-16.7
Evan Rodrigues,PIT,C,365,853.4,59.8,47.6,0.164,0.13,-12.2
Anton Lundell,FLA,C,323,761.3,59.69,55.3,0.185,0.171,-4.3
Pierre-Luc Dubois,WPG,L,314,609.9,59.64,48.9,0.19,0.156,-10.7
Cale Makar,COL,D,350,1161.8,59.43,79.5,0.17,0.227,20.1
Jaden Schwartz,SEA,C,274,586.1,59.13,50.4,0.216,0.184,-8.7
Jonathan Huberdeau,FLA,L,327,563.9,58.99,52.9,0.18,0.162,-6.1
Mikael Granlund,NSH,C,342,652.2,58.83,58.1,0.172,0.17,-0.7
Josh Anderson,MTL,R,315,599.2,58.69,49.3,0.186,0.157,-9.4
Lawson Crouse,UTA,L,327,655.4,58.41,64.2,0.179,0.196,5.8
Juraj Slafkovsky,MTL,L,224,567.7,58.37,45.8,0.261,0.205,-12.5
Dylan Guenther,UTA,R,215,825.5,58.23,74.5,0.271,0.347,16.3
Boone Jenner,CBJ,C,252,620.2,58.06,47.6,0.23,0.189,-10.4
Barrett Hayton,UTA,C,260,533.4,57.98,38.2,0.223,0.147,-19.7
Matthew Knies,TOR,L,221,492.7,57.91,59.0,0.262,0.267,1.1
Oliver Bjorkstrand,CBJ,R,363,776.6,57.81,56.7,0.159,0.156,-1.1
Kirill Marchenko,CBJ,R,259,779.5,57.81,71.3,0.223,0.275,13.5
Evander Kane,EDM,L,232,715.3,57.77,51.0,0.249,0.22,-6.8
Logan Stankoven,DAL,C,215,639.1,57.73,51.2,0.269,0.238,-6.5
James van Riemsdyk,PHI,L,295,511.1,57.47,45.6,0.195,0.155,-11.9
Anze Kopitar,LAK,C,338,593.9,57.21,62.1,0.169,0.184,4.9
Connor McMichael,WSH,C,269,571.2,56.65,49.6,0.211,0.185,-7.0
Brendan Gallagher,MTL,R,284,588.7,56.59,37.8,0.199,0.133,-18.7
Adam Lowry,WPG,C,318,519.1,56.31,37.8,0.177,0.119,-18.5
Kyle Palmieri,NYI,R,287,639.8,56.09,52.7,0.195,0.184,-3.3
Yegor Sharangovich,NJD,C,319,669.2,55.73,57.2,0.175,0.179,1.5
Erik Haula,BOS,L,338,634.8,55.32,43.6,0.164,0.129,-11.7
Taylor Hall,BOS,L,303,666.0,55.31,56.1,0.183,0.185,0.8
Morgan Geekie,SEA,C,330,678.2,55.17,83.8,0.167,0.254,28.6
Claude Giroux,FLA,R,339,709.4,54.69,59.7,0.161,0.176,5.1
Anthony Beauvillier,NYI,L,329,655.1,54.13,41.1,0.165,0.125,-13.0
Jackson Blake,CAR,R,172,528.9,53.95,44.0,0.314,0.256,-9.9
Conor Garland,VAN,R,340,768.2,53.94,50.6,0.159,0.149,-3.3
Joel Farabee,PHI,L,313,607.7,53.5,50.4,0.171,0.161,-3.0
Matty Beniers,SEA,C,307,645.5,53.46,54.9,0.174,0.179,1.5
Fabian Zetterlund,NJD,L,296,695.2,53.11,47.7,0.179,0.161,-5.4
Alex Laferriere,LAK,R,232,743.5,52.95,42.4,0.228,0.183,-10.6
Reilly Smith,VGK,R,323,599.1,52.79,51.5,0.163,0.16,-1.2
Phillip Danault,LAK,C,346,608.1,52.41,41.8,0.151,0.121,-10.6
Robert Thomas,STL,C,322,567.8,52.2,70.3,0.162,0.218,18.2
Pius Suter,DET,C,309,512.7,52.1,51.4,0.169,0.166,-0.7
Connor Bedard,CHI,C,201,717.2,51.99,59.3,0.259,0.295,7.4
Jeff Skinner,BUF,L,303,634.8,51.98,55.2,0.172,0.182,3.3
Aliaksei Protas,WSH,C,267,587.0,51.82,54.0,0.194,0.202,2.2
Sean Monahan,CGY,C,263,515.2,51.6,46.3,0.196,0.176,-5.2
Nicolas Roy,VGK,C,314,492.2,51.46,42.2,0.164,0.134,-9.3
Cole Perfetti,WPG,C,262,584.0,51.43,42.0,0.196,0.16,-9.4
Patrick Kane,CHI,R,308,783.1,51.08,59.3,0.166,0.193,8.3
Drew O'Connor,PIT,L,264,527.3,51.01,35.4,0.193,0.134,-15.6
Andrew Copp,NYR,C,298,496.2,50.86,35.3,0.171,0.119,-15.5
Adam Henrique,ANA,C,303,532.5,50.82,44.9,0.168,0.148,-5.9
Mathew Barzal,NYI,C,300,704.4,50.79,48.1,0.169,0.16,-2.6
Alex Iafallo,LAK,L,325,584.7,50.63,43.2,0.156,0.133,-7.4
Ryan Donato,SEA,C,324,653.1,50.57,55.2,0.156,0.171,4.7
Jack Roslovic,CBJ,C,321,646.9,50.56,55.3,0.158,0.172,4.7
William Eklund,SJS,L,215,555.6,50.5,36.9,0.235,0.172,-13.5
Eetu Luostarinen,FLA,C,332,544.9,50.33,39.8,0.152,0.12,-10.5
Stefan Noesen,CAR,R,249,483.9,50.27,36.5,0.202,0.147,-13.7
Andrew Mangiapane,CGY,L,330,508.9,50.21,45.1,0.152,0.137,-5.1
JJ Peterka,BUF,R,284,705.1,50.09,65.4,0.176,0.23,15.4
Tyler Seguin,DAL,C,278,528.4,50.05,51.4,0.18,0.185,1.4
Mats Zuccarello,MIN,R,318,715.4,49.57,55.7,0.156,0.175,6.1
Ilya Mikheyev,TOR,R,302,538.5,49.32,51.1,0.163,0.169,1.8
Jean-Gabriel Pageau,NYI,C,308,477.7,49.25,43.9,0.16,0.143,-5.3
Yanni Gourde,SEA,C,326,563.2,49.14,33.8,0.151,0.104,-15.3
Macklin Celebrini,SJS,C,144,674.8,49.04,63.8,0.341,0.443,14.7
Will Cuylle,NYR,L,224,516.3,48.99,43.4,0.219,0.194,-5.5
Dmitri Voronkov,CBJ,L,177,452.7,48.78,43.4,0.276,0.245,-5.4
Brandon Saad,STL,L,317,517.7,48.68,42.4,0.154,0.134,-6.2
Morgan Frost,PHI,C,298,580.6,48.4,48.2,0.162,0.162,-0.2
Noah Cates,PHI,L,253,451.4,48.06,41.0,0.19,0.162,-7.1
Christian Dvorak,MTL,L,258,486.5,47.23,38.5,0.183,0.149,-8.7
J.T. Compher,COL,L,310,467.9,47.15,44.8,0.152,0.145,-2.3
Leo Carlsson,ANA,C,191,542.9,47.14,53.8,0.247,0.282,6.7
Cutter Gauthier,ANA,L,165,722.1,46.94,60.0,0.284,0.364,13.1
Eeli Tolvanen,NSH,R,337,645.8,46.79,50.0,0.139,0.149,3.3
William Karlsson,VGK,C,288,543.3,46.59,46.1,0.162,0.16,-0.5
Adam Fantilli,CBJ,C,192,618.7,46.12,54.6,0.24,0.284,8.5
Brett Howden,VGK,C,251,447.8,45.95,57.5,0.183,0.229,11.6
Mitch Marner,TOR,R,191,574.8,45.79,57.4,0.24,0.301,11.6
Trevor Zegras,ANA,C,286,627.6,45.38,56.4,0.159,0.197,11.0
Roman Josi,NSH,D,320,912.5,45.33,47.3,0.142,0.148,2.0
Connor Brown,OTT,R,258,499.7,45.29,37.8,0.176,0.147,-7.5
Scott Laughton,PHI,C,328,576.9,45.19,39.8,0.138,0.121,-5.3
Tim Stutzle,OTT,L,226,495.6,45.08,40.6,0.199,0.18,-4.5
Rasmus Dahlin,BUF,D,349,898.9,44.97,56.6,0.129,0.162,11.7
Jake Neighbours,STL,L,237,399.5,44.89,49.8,0.189,0.21,4.9
Sean Couturier,PHI,C,239,528.6,44.8,30.8,0.187,0.129,-14.0
Evan Bouchard,EDM,D,373,1071.7,44.71,60.2,0.12,0.162,15.5
Jack Quinn,BUF,R,230,623.2,44.58,44.1,0.194,0.192,-0.5
Yakov Trenin,NSH,C,320,529.7,44.47,29.2,0.139,0.091,-15.3
Zach Benson,BUF,L,193,420.4,44.4,31.6,0.23,0.163,-12.9
Cole Sillinger,CBJ,C,304,567.9,44.4,29.4,0.146,0.097,-15.0
Josh Doan,UTA,R,144,421.8,43.91,36.0,0.305,0.25,-7.9
Colton Sissons,NSH,C,309,451.5,43.64,28.9,0.141,0.094,-14.7
Eric Robinson,CBJ,L,276,471.5,43.36,34.7,0.157,0.126,-8.7
Jakob Chychrun,UTA,D,307,936.2,43.21,56.6,0.141,0.185,13.4
Logan Cooley,UTA,C,192,465.8,43.17,55.7,0.225,0.29,12.6
Zach Werenski,CBJ,D,285,982.5,42.56,49.8,0.149,0.175,7.2
Vladislav Namestnikov,DAL,C,290,419.6,42.31,33.4,0.146,0.115,-8.9
Ridly Greig,OTT,C,207,449.5,42.12,31.5,0.204,0.152,-10.7
Ondrej Palat,TBL,L,306,466.7,42.12,35.4,0.138,0.116,-6.7
David Perron,STL,L,297,518.6,42.11,51.0,0.142,0.172,8.9
Victor Olofsson,BUF,L,275,540.6,42.07,45.9,0.153,0.167,3.9
Ryan McLeod,EDM,C,310,479.0,41.84,46.8,0.135,0.151,5.0
Alex Newhook,COL,C,303,467.7,41.69,49.7,0.138,0.164,8.1
Michael Rasmussen,DET,C,270,396.7,41.68,28.4,0.154,0.105,-13.3
Gustav Nyquist,CBJ,C,268,449.0,41.64,32.3,0.155,0.12,-9.4
Teuvo Teravainen,CAR,L,338,583.2,41.55,53.1,0.123,0.157,11.6
Luke Evangelista,NSH,R,228,543.3,41.54,31.7,0.182,0.139,-9.9
Dylan Holloway,EDM,L,215,488.6,41.26,48.7,0.192,0.227,7.5
Casey Mittelstadt,BUF,C,288,469.8,41.24,45.6,0.143,0.158,4.4
Ryan Strome,NYR,C,315,494.3,41.17,34.4,0.131,0.109,-6.7
Joe Pavelski,DAL,C,253,395.8,40.71,39.2,0.161,0.155,-1.5
Brandon Montour,FLA,D,349,960.3,40.69,43.4,0.117,0.124,2.8
Michael Amadio,VGK,C,291,429.6,40.67,43.2,0.14,0.148,2.5
Josh Norris,OTT,C,197,407.9,40.5,49.1,0.206,0.249,8.6
Marcus Johansson,WSH,L,327,532.5,40.46,44.3,0.124,0.135,3.8
Alexis Lafreniere,NYR,L,238,497.7,40.4,45.2,0.17,0.19,4.9
Trent Frederic,BOS,C,303,442.5,40.26,31.5,0.133,0.104,-8.8
Matt Coronato,CGY,R,175,542.0,40.16,37.6,0.229,0.215,-2.5
Marcus Foligno,MIN,L,259,361.9,39.82,38.3,0.154,0.148,-1.5
Andrei Kuzmenko,VAN,L,233,427.4,39.55,50.8,0.17,0.218,11.3
Nick Bjugstad,MIN,C,296,495.1,39.38,34.2,0.133,0.116,-5.2
Max Domi,CAR,C,362,579.2,39.09,39.1,0.108,0.108,0.1
Bobby McMann,TOR,C,196,557.8,39.01,52.2,0.199,0.267,13.2
Jake Evans,MTL,C,270,384.5,38.48,32.3,0.143,0.12,-6.2
Kiefer Sherwood,COL,L,226,568.9,38.48,46.4,0.17,0.205,7.9
Jack McBain,UTA,C,227,381.0,38.45,28.5,0.169,0.126,-9.9
Chandler Stephenson,VGK,C,326,417.0,37.78,51.2,0.116,0.157,13.5
Tommy Novak,NSH,C,224,450.4,37.64,40.8,0.168,0.182,3.2
Kaapo Kakko,NYR,R,282,451.4,37.63,41.5,0.133,0.147,3.9
Jesperi Kotkaniemi,CAR,C,288,451.2,37.55,29.6,0.13,0.103,-8.0
Anthony Duclair,FLA,L,241,395.4,37.1,42.4,0.154,0.176,5.4
Taylor Raddysh,CHI,R,283,407.1,37.03,28.3,0.131,0.1,-8.7
Vasily Podkolzin,VAN,R,258,440.0,36.88,36.0,0.143,0.14,-0.8
Anthony Mantha,WSH,R,239,430.8,36.7,55.4,0.154,0.232,18.8
Lars Eller,WSH,C,308,471.5,36.56,29.0,0.119,0.094,-7.6
Marco Rossi,MIN,C,210,407.9,36.54,43.0,0.174,0.205,6.5
Casey Cizikas,NYI,C,294,414.8,36.23,27.1,0.123,0.092,-9.1
Evgenii Dadonov,VGK,R,272,422.3,36.1,34.1,0.133,0.125,-2.0
Mackie Samoskevich,FLA,R,144,433.8,36.06,23.2,0.25,0.161,-12.8
Matvei Michkov,PHI,R,157,456.5,35.99,40.2,0.229,0.256,4.3
Tanner Jeannot,NSH,L,275,378.0,35.99,25.7,0.131,0.093,-10.3
William Carrier,VGK,L,251,419.7,35.71,22.8,0.142,0.091,-13.0
Nick Foligno,BOS,L,261,361.4,35.55,31.6,0.136,0.121,-4.0
Joel Armia,MTL,R,261,442.9,35.16,35.2,0.135,0.135,0.0
Nic Dowd,WSH,C,273,371.1,34.65,33.6,0.127,0.123,-1.1
Sam Steel,ANA,C,279,404.0,34.55,28.9,0.124,0.104,-5.6
Rasmus Andersson,CGY,D,374,825.2,34.44,36.7,0.092,0.098,2.3
Noel Acciari,FLA,C,227,348.1,34.3,26.2,0.151,0.116,-8.1
John Carlson,WSH,D,330,816.1,34.24,33.5,0.104,0.102,-0.7
Andre Burakovsky,COL,L,274,455.7,34.22,35.0,0.125,0.128,0.8
Tim Sttzle,OTT,L,141,329.6,33.99,44.2,0.241,0.313,10.2
Danton Heinen,PIT,L,278,374.8,33.97,31.6,0.122,0.114,-2.4
Jack Drury,CAR,C,242,456.1,33.79,26.1,0.14,0.108,-7.7
Jonathan Drouin,MTL,L,233,382.2,33.76,25.0,0.145,0.107,-8.8
Michael Eyssimont,WPG,C,244,507.7,33.52,23.2,0.137,0.095,-10.3
Tyson Foerster,PHI,R,188,405.8,33.45,43.8,0.178,0.233,10.4
Luke Kunin,NSH,C,247,360.2,33.36,24.2,0.135,0.098,-9.2
Morgan Barron,WPG,C,261,408.7,33.26,26.4,0.127,0.101,-6.8
Michael McCarron,NSH,R,250,414.2,33.26,23.3,0.133,0.093,-10.0
Miro Heiskanen,DAL,D,329,775.8,33.23,30.3,0.101,0.092,-2.9
Cole Smith,NSH,L,216,339.2,33.21,20.6,0.154,0.095,-12.7
Ryan Poehling,MTL,C,258,404.1,33.16,34.8,0.129,0.135,1.6
Miles Wood,NJD,L,232,410.4,33.13,23.6,0.143,0.102,-9.5
Zemgus Girgensons,BUF,L,278,407.0,32.98,21.9,0.119,0.079,-11.1
Shayne Gostisbehere,UTA,D,342,716.1,32.97,38.4,0.096,0.112,5.4
Brandon Duhaime,MIN,R,295,390.5,32.93,21.7,0.112,0.074,-11.2
Bobby Brink,PHI,R,179,359.5,32.86,30.1,0.184,0.168,-2.8
Brandon Tanev,SEA,L,250,361.4,32.76,20.9,0.131,0.083,-11.9
Beckett Sennecke,ANA,R,90,362.0,32.67,28.0,0.363,0.311,-4.7
Connor Dewar,MIN,C,245,393.9,32.5,28.1,0.133,0.114,-4.4
Dougie Hamilton,NJD,D,279,824.0,32.33,33.4,0.116,0.12,1.1
Cody Glass,NSH,C,221,387.2,32.32,32.4,0.146,0.147,0.1
Barclay Goodrow,NYR,C,285,336.6,32.21,23.0,0.113,0.081,-9.3
Kevin Hayes,PHI,C,262,461.6,32.14,31.8,0.123,0.122,-0.3
Gabriel Landeskog,COL,L,129,353.5,32.1,33.1,0.249,0.256,0.9
Sean Kuraly,CBJ,C,301,447.3,32.09,25.1,0.107,0.083,-7.0
Erik Karlsson,SJS,D,330,876.6,31.87,43.3,0.097,0.131,11.4
A.J. Greer,NJD,L,206,360.7,31.83,28.6,0.154,0.139,-3.2
Matias Maccelli,UTA,L,233,402.2,31.83,34.0,0.137,0.146,2.2
Dakota Joshua,STL,C,205,265.0,31.76,32.6,0.155,0.159,0.9
Teddy Blueger,PIT,C,247,353.6,31.7,23.0,0.128,0.093,-8.7
Frederick Gaudreau,MIN,C,310,446.1,31.68,36.5,0.102,0.118,4.9
Connor Zary,CGY,C,162,340.4,31.5,29.5,0.194,0.182,-2.1
Parker Kelly,OTT,L,254,421.6,31.42,35.9,0.124,0.141,4.5
Simon Holmstrom,NYI,R,219,381.0,31.41,44.6,0.143,0.204,13.2
Adam Fox,NYR,D,320,613.1,31.16,35.4,0.097,0.111,4.3
Josh Morrissey,WPG,D,352,818.9,30.88,41.6,0.088,0.118,10.8
Nick Cousins,NSH,C,278,386.7,30.8,24.4,0.111,0.088,-6.3
Mathieu Olivier,NSH,R,205,355.6,30.68,34.0,0.15,0.166,3.3
Peyton Krebs,BUF,C,275,399.0,30.65,29.4,0.111,0.107,-1.2
Keegan Kolesar,VGK,R,287,378.1,30.52,26.5,0.106,0.092,-4.0
Michael Carcone,UTA,L,203,453.3,30.36,36.8,0.15,0.181,6.4
Will Smith,SJS,C,124,380.2,30.19,37.5,0.243,0.302,7.3
Marco Kasper,DET,C,138,360.6,30.05,23.2,0.218,0.168,-6.8
Logan O'Connor,COL,R,274,350.0,30.04,23.5,0.11,0.086,-6.6
Kent Johnson,CBJ,C,222,417.7,29.99,33.9,0.135,0.153,4.0
Quinn Hughes,VAN,D,336,877.4,29.8,37.5,0.089,0.112,7.7
Paul Cotter,VGK,C,227,348.4,29.75,30.6,0.131,0.135,0.9
Kailer Yamamoto,EDM,R,215,257.3,29.55,30.9,0.137,0.144,1.4
Mark Jankowski,BUF,C,192,292.9,29.51,28.8,0.154,0.15,-0.7
Shane Wright,SEA,C,143,292.0,29.49,28.9,0.206,0.202,-0.6
Jason Dickinson,VAN,C,276,387.6,29.44,31.5,0.107,0.114,2.0
Frank Nazar,CHI,C,113,321.6,29.4,23.8,0.26,0.211,-5.6
Mavrik Bourque,DAL,C,138,324.7,29.4,29.2,0.213,0.212,-0.1
Kevin Stenlund,CBJ,C,239,353.5,29.25,24.3,0.122,0.102,-4.9
Mason Appleton,WPG,C,291,417.8,29.24,25.6,0.1,0.088,-3.6
Victor Hedman,TBL,D,345,740.3,29.07,30.5,0.084,0.088,1.4
Johnny Gaudreau,CGY,L,228,366.7,28.83,27.6,0.126,0.121,-1.2
Filip Chytil,NYR,C,219,388.9,28.82,26.4,0.132,0.121,-2.4
Darnell Nurse,EDM,D,359,901.2,28.69,27.7,0.08,0.077,-1.0
Tanner Pearson,VAN,L,217,337.1,28.57,23.4,0.132,0.108,-5.2
Travis Sanheim,PHI,D,331,577.7,28.47,29.4,0.086,0.089,0.9
Mattias Ekholm,NSH,D,341,723.9,28.44,28.1,0.083,0.082,-0.3
Shea Theodore,VGK,D,303,704.6,28.37,33.3,0.094,0.11,4.9
Nicholas Robertson,TOR,L,210,416.8,28.34,36.8,0.135,0.175,8.5
Garnet Hathaway,WSH,R,280,347.8,28.32,23.1,0.101,0.082,-5.3
Nils Hoglander,VAN,L,234,319.0,28.23,26.0,0.121,0.111,-2.3
Mitchell Marner,TOR,R,205,347.9,28.23,37.5,0.138,0.183,9.3
Aaron Ekblad,FLA,D,290,650.3,28.23,23.2,0.097,0.08,-5.0
Noah Dobson,NYI,D,351,870.9,28.19,34.1,0.08,0.097,5.9
Brent Burns,SJS,D,379,999.9,28.18,33.5,0.074,0.089,5.4
Nick Paul,OTT,L,162,334.8,28.0,26.8,0.173,0.165,-1.2
Kasperi Kapanen,PIT,R,288,405.3,27.94,31.3,0.097,0.109,3.4
Steven Lorentz,CAR,C,256,330.6,27.91,21.1,0.109,0.082,-6.9
Pierre Engvall,TOR,L,247,341.6,27.88,23.8,0.113,0.096,-4.1
Radek Faksa,DAL,C,276,327.8,27.82,17.5,0.101,0.063,-10.3
Joel Kiviranta,DAL,L,235,297.2,27.78,21.1,0.118,0.09,-6.7
Pontus Holmberg,TOR,R,184,312.4,27.7,21.1,0.151,0.115,-6.6
Mark Kastelic,OTT,C,197,343.3,27.7,21.9,0.141,0.111,-5.8
Justin Brazeau,BOS,R,142,296.6,27.66,28.6,0.195,0.201,0.9
Noah Hanifin,CGY,D,358,785.0,27.41,25.3,0.077,0.071,-2.1
Alexander Wennberg,NYR,C,120,225.6,27.4,25.5,0.228,0.212,-1.9
Alexander Kerfoot,TOR,C,229,286.7,27.37,24.2,0.12,0.106,-3.1
Tomas Tatar,NJD,L,240,287.0,27.37,23.1,0.114,0.096,-4.3
Devon Toews,COL,D,331,675.9,27.28,29.0,0.082,0.088,1.7
Emil Heineman,MTL,L,132,347.6,27.13,29.2,0.206,0.222,2.1
Bowen Byram,COL,D,270,481.3,27.05,30.1,0.1,0.112,3.1
Alexey Toropchenko,STL,R,225,315.2,26.86,20.2,0.119,0.09,-6.7
Mike Matheson,PIT,D,315,651.6,26.79,26.4,0.085,0.084,-0.4
Mathieu Joseph,OTT,R,235,332.1,26.75,16.6,0.114,0.071,-10.2
Nico Sturm,COL,C,251,306.8,26.74,22.0,0.107,0.088,-4.7
Charlie McAvoy,BOS,D,297,580.4,26.65,29.2,0.09,0.098,2.6
Mattias Janmark,VGK,C,230,270.1,26.64,15.9,0.116,0.069,-10.8
Sean Walker,LAK,D,289,689.2,26.59,20.8,0.092,0.072,-5.8
Sam Carrick,ANA,C,257,352.0,26.55,23.5,0.103,0.091,-3.1
Blake Lizotte,LAK,C,250,307.9,26.43,27.0,0.106,0.108,0.6
Luke Glendening,DAL,C,265,286.1,26.41,17.0,0.1,0.064,-9.5
Kirby Dach,CHI,C,209,308.2,26.32,27.8,0.126,0.133,1.5
Philipp Kurashev,CHI,C,234,348.2,26.29,27.6,0.112,0.118,1.3
Carl Grundstrom,LAK,R,233,357.8,26.25,24.0,0.113,0.103,-2.2
Brady Skjei,CAR,D,357,727.5,26.12,28.8,0.073,0.081,2.7
Morgan Rielly,TOR,D,335,718.0,25.72,30.2,0.077,0.09,4.5
MacKenzie Weegar,FLA,D,359,792.6,25.71,27.0,0.072,0.075,1.3
Jake Sanderson,OTT,D,262,680.3,25.64,30.1,0.098,0.115,4.5
Robby Fabbri,DET,C,181,249.3,25.59,25.8,0.141,0.143,0.2
Jackson LaCombe,ANA,D,202,462.3,25.37,22.6,0.126,0.112,-2.8
Nicholas Paul,TBL,L,201,252.9,25.36,26.0,0.126,0.129,0.6
Conor Sheary,WSH,L,235,316.4,25.33,20.9,0.108,0.089,-4.4
Calle Jarnkrok,CGY,C,226,283.4,25.19,24.6,0.111,0.109,-0.6
Kris Letang,PIT,D,321,666.6,24.91,25.3,0.078,0.079,0.4
Vince Dunn,SEA,D,319,633.8,24.88,33.4,0.078,0.105,8.5
Joe Veleno,DET,C,256,309.5,24.46,20.6,0.096,0.08,-3.9
Jordan Greenway,MIN,L,221,298.2,24.45,16.5,0.111,0.074,-8.0
Thomas Harley,DAL,D,255,593.1,24.44,30.0,0.096,0.117,5.5
Seth Jones,CHI,D,289,610.5,24.38,27.4,0.084,0.095,3.1
Noah Gregor,SJS,C,224,367.5,24.24,16.7,0.108,0.075,-7.5
Jesper Boqvist,NJD,C,239,325.2,24.22,24.8,0.101,0.104,0.6
Jonathan Toews,CHI,C,170,241.9,24.18,20.9,0.142,0.123,-3.3
Justin Faulk,STL,D,334,629.0,23.94,30.3,0.072,0.091,6.4
Adam Gaudette,OTT,C,167,290.1,23.88,33.5,0.143,0.201,9.6
Gustav Forsling,FLA,D,352,775.6,23.79,27.7,0.068,0.079,3.9
Thomas Chabot,OTT,D,285,618.2,23.75,25.9,0.083,0.091,2.2
Alexis Lafrenire,NYR,L,148,290.2,23.7,24.0,0.16,0.162,0.3
Darren Raddysh,TBL,D,222,622.9,23.59,31.6,0.106,0.142,8.0
Oskar Sundqvist,DET,C,217,268.1,23.58,20.4,0.109,0.094,-3.2
Patrice Bergeron,BOS,C,152,265.6,23.56,19.6,0.155,0.129,-4.0
Patrik Laine,CBJ,L,179,356.7,23.53,34.9,0.131,0.195,11.4
David Kampf,TOR,C,234,273.4,23.5,17.4,0.1,0.074,-6.1
Nathan Bastian,NJD,R,190,219.2,23.28,18.2,0.123,0.096,-5.1
Moritz Seider,DET,D,338,737.5,23.21,25.1,0.069,0.074,1.8
Collin Graf,SJS,R,97,211.6,23.12,24.8,0.238,0.255,1.6
Ivan Demidov,MTL,R,94,276.2,23.08,22.8,0.246,0.242,-0.3
T.J. Oshie,WSH,R,150,206.7,23.08,19.3,0.154,0.129,-3.8
Jacob Trouba,NYR,D,358,722.6,23.06,20.8,0.064,0.058,-2.3
Alex Turcotte,LAK,C,122,221.3,22.99,10.3,0.188,0.084,-12.7
Colin Blackwell,TOR,C,223,308.6,22.95,17.8,0.103,0.08,-5.2
Ryan Lomberg,FLA,L,281,350.3,22.81,17.2,0.081,0.061,-5.6
Tyson Jost,MIN,C,238,307.6,22.71,17.9,0.095,0.075,-4.9
Linus Karlsson,VAN,C,89,216.4,22.67,17.2,0.255,0.194,-5.4
Jimmy Vesey,NJD,L,227,259.2,22.58,18.3,0.099,0.08,-4.3
Mikhail Sergachev,TBL,D,320,616.9,22.58,29.4,0.071,0.092,6.9
Jimmy Snuggerud,STL,R,81,291.5,22.4,23.2,0.277,0.287,0.9
Ben Kindel,PIT,C,75,235.0,22.38,17.0,0.298,0.227,-5.4
Esa Lindell,DAL,D,341,506.6,22.09,19.3,0.065,0.057,-2.8
Jeff Carter,PIT,C,201,229.5,21.78,18.2,0.108,0.09,-3.6
Jaccob Slavin,CAR,D,321,656.4,21.6,17.3,0.067,0.054,-4.3
Damon Severson,NJD,D,300,453.5,21.48,24.0,0.072,0.08,2.5
Craig Smith,BOS,C,234,335.1,21.42,21.2,0.092,0.091,-0.2
Zach Parise,NYI,L,180,200.2,21.35,16.8,0.119,0.093,-4.6
Matt Savoie,EDM,C,79,222.5,21.29,18.0,0.27,0.228,-3.3
Justin Danforth,CBJ,R,158,213.3,21.17,16.1,0.134,0.102,-5.1
Ty Dellandrea,DAL,C,191,254.1,21.06,9.2,0.11,0.048,-11.9
Beck Malenstyn,WSH,L,193,290.5,20.89,15.0,0.108,0.078,-5.9
Dominik Kubalik,CHI,L,200,239.0,20.67,18.6,0.103,0.093,-2.1
Owen Power,BUF,D,270,491.4,20.51,18.8,0.076,0.069,-1.8
Alexandre Texier,CBJ,C,186,300.9,20.46,26.4,0.11,0.142,5.9
Dmitry Orlov,WSH,D,326,582.0,20.43,18.3,0.063,0.056,-2.1
Brock Faber,MIN,D,223,553.0,20.34,30.9,0.091,0.139,10.6
Cam Atkinson,PHI,R,155,245.0,20.28,17.1,0.131,0.11,-3.2
Jake Walman,DET,D,269,570.7,20.2,25.3,0.075,0.094,5.1
Jesper Fast,CAR,R,190,173.6,20.17,14.2,0.106,0.075,-6.0
Vladislav Gavrikov,CBJ,D,306,511.8,20.1,24.9,0.066,0.082,4.9
Jonatan Berggren,DET,R,163,261.0,20.06,24.1,0.123,0.148,4.0
Colton Parayko,STL,D,335,579.1,19.92,26.0,0.059,0.077,6.0
K'Andre Miller,NYR,D,324,579.5,19.73,24.5,0.061,0.076,4.8
Evgeny Kuznetsov,WSH,C,210,279.2,19.7,18.7,0.094,0.089,-1.0
Daniel Sprong,SEA,R,212,349.1,19.69,23.9,0.093,0.113,4.2
Blake Wheeler,WPG,R,164,211.2,19.65,17.3,0.12,0.105,-2.4
Tyler Motte,NYR,C,219,260.0,19.63,12.8,0.09,0.058,-6.9
Cam York,PHI,D,241,400.1,19.61,15.2,0.081,0.063,-4.4
Filip Hronek,DET,D,301,587.4,19.59,20.1,0.065,0.067,0.6
Luke Hughes,NJD,D,187,462.9,19.3,16.6,0.103,0.089,-2.7
Ivan Provorov,PHI,D,318,561.6,19.24,22.1,0.061,0.069,2.9
Philip Tomasino,NSH,C,184,249.3,19.22,17.4,0.104,0.095,-1.8
Emmitt Finnie,DET,C,72,177.0,19.2,13.0,0.267,0.181,-6.2
Cole Koepke,TBL,L,132,239.7,19.18,15.9,0.145,0.12,-3.3
Trevor Lewis,CGY,C,258,303.6,19.13,14.9,0.074,0.058,-4.2
Yegor Chinakhov,CBJ,R,177,302.1,19.06,21.8,0.108,0.123,2.7
Martin Pospisil,CGY,C,135,247.6,19.05,8.4,0.141,0.062,-10.6
Drew Doughty,LAK,D,267,450.9,18.97,23.8,0.071,0.089,4.8
Max Pacioretty,VGK,L,129,248.8,18.95,15.1,0.147,0.117,-3.9
Oliver Kapanen,MTL,C,93,222.8,18.6,22.0,0.2,0.237,3.4
Arthur Kaliyev,LAK,R,192,265.1,18.56,15.5,0.097,0.081,-3.1
Fraser Minten,TOR,C,92,218.6,18.52,19.2,0.201,0.209,0.7
Alex Pietrangelo,VGK,D,293,508.3,18.51,15.4,0.063,0.053,-3.1
Jonny Brodzinski,NYR,C,167,292.9,18.43,19.0,0.11,0.114,0.6
Sam Lafferty,CHI,C,205,225.6,18.43,17.9,0.09,0.087,-0.6
Alexander Holtz,NJD,R,153,252.8,18.34,16.0,0.12,0.105,-2.3
Isac Lundestrom,ANA,C,192,196.3,18.33,13.8,0.095,0.072,-4.6
Alex Wennberg,SEA,C,194,174.7,18.31,15.4,0.094,0.079,-3.0
Zachary Bolduc,STL,C,90,209.6,18.29,15.0,0.203,0.167,-3.3
Ryan Leonard,WSH,R,86,269.0,18.26,20.8,0.212,0.241,2.5
Curtis Lazar,BOS,C,210,207.2,18.23,13.7,0.087,0.065,-4.6
Kyle Okposo,BUF,R,208,243.6,18.22,17.3,0.088,0.083,-0.9
Jesse Puljujarvi,EDM,R,183,232.7,18.2,11.5,0.099,0.063,-6.8
Ryan Johansen,NSH,C,160,155.2,18.12,19.8,0.113,0.123,1.6
Oliver Ekman-Larsson,VAN,D,319,565.7,17.89,20.9,0.056,0.065,3.0
Cam Fowler,ANA,D,302,424.7,17.86,21.7,0.059,0.072,3.8
Logan Couture,SJS,C,156,197.3,17.83,17.7,0.114,0.113,-0.1
Nathan Walker,STL,L,180,221.0,17.77,19.3,0.099,0.107,1.5
Marat Khusnutdinov,MIN,C,113,190.3,17.64,19.3,0.156,0.171,1.7
Lane Hutson,MTL,D,163,363.7,17.62,19.5,0.108,0.12,1.9
Matt Roy,LAK,D,323,533.2,17.61,11.6,0.055,0.036,-6.0
Neal Pionk,WPG,D,317,610.7,17.53,18.9,0.055,0.06,1.4
Sean Durzi,LAK,D,263,433.3,17.5,18.2,0.067,0.069,0.6
Juraj Slafkovsk,MTL,L,45,147.0,17.42,17.8,0.387,0.394,0.3
Vinnie Hinostroza,BUF,C,170,244.7,17.39,15.0,0.102,0.088,-2.4
Tye Kartye,SEA,L,156,251.6,17.3,19.8,0.111,0.127,2.4
Tony DeAngelo,CAR,D,260,488.3,17.24,17.4,0.066,0.067,0.1
Adam Larsson,SEA,D,340,536.4,17.1,20.9,0.05,0.061,3.7
Tomas Nosek,BOS,L,200,217.4,17.09,7.6,0.085,0.038,-9.5
Tyler Johnson,CHI,C,143,180.9,16.93,15.1,0.118,0.105,-1.9
Gage Goncalves,TBL,C,105,196.8,16.71,18.8,0.159,0.179,2.0
Matthew Schaefer,NYI,D,80,305.0,16.63,23.0,0.208,0.287,6.4
Hampus Lindholm,BOS,D,272,432.3,16.5,15.0,0.061,0.055,-1.6
Nikita Zadorov,CGY,D,322,524.9,16.34,17.3,0.051,0.054,1.0
Jared Spurgeon,MIN,D,261,432.0,16.33,19.4,0.063,0.074,3.1
Liam O'Brien,UTA,C,157,202.1,16.31,7.5,0.104,0.048,-8.8
Maxim Tsyplakov,NYI,R,107,214.2,16.26,9.5,0.152,0.089,-6.8
Josh Manson,COL,D,266,477.8,16.22,16.3,0.061,0.061,0.0
Jalen Chatfield,CAR,D,280,538.3,15.96,16.2,0.057,0.058,0.2
Alexander Barabanov,SJS,L,156,168.0,15.83,11.2,0.101,0.072,-4.6
Brandt Clarke,LAK,D,176,402.7,15.7,14.4,0.089,0.082,-1.3
Ryan Greene,CHI,C,67,159.0,15.69,12.0,0.234,0.179,-3.7
Sonny Milano,ANA,L,177,178.9,15.65,20.9,0.088,0.118,5.2
Nate Schmidt,WPG,D,300,466.0,15.6,16.7,0.052,0.056,1.0
Christian Fischer,UTA,R,183,193.7,15.58,10.2,0.085,0.056,-5.4
Elmer Soderblom,DET,L,97,182.2,15.2,13.0,0.157,0.134,-2.2
Lukas Reichel,CHI,L,151,193.3,15.12,14.6,0.1,0.096,-0.6
Justin Sourdif,FLA,R,69,175.6,15.12,15.8,0.219,0.228,0.6
Olen Zellweger,ANA,D,148,380.1,15.07,14.4,0.102,0.097,-0.7
Derek Ryan,EDM,C,181,160.1,15.02,12.4,0.083,0.069,-2.6
Adam Pelech,NYI,D,296,525.8,14.98,8.3,0.051,0.028,-6.7
Calum Ritchie,COL,C,55,125.8,14.84,13.8,0.27,0.25,-1.1
Rasmus Ristolainen,PHI,D,225,349.8,14.78,7.4,0.066,0.033,-7.4
Fedor Svechkov,NSH,C,90,180.5,14.77,10.0,0.164,0.111,-4.8
Dillon Dube,CGY,C,182,181.0,14.73,14.3,0.081,0.078,-0.5
J.J. Moser,UTA,D,236,356.7,14.72,13.9,0.062,0.059,-0.9
Pavel Mintyukov,ANA,D,174,303.6,14.69,14.0,0.084,0.08,-0.7
Tyler Myers,VAN,D,300,460.2,14.69,9.0,0.049,0.03,-5.7
Brett Kulak,EDM,D,316,529.5,14.64,13.3,0.046,0.042,-1.3
Filip Zadina,DET,R,160,196.7,14.62,11.4,0.091,0.071,-3.3
Niko Mikkola,STL,D,299,436.0,14.49,13.8,0.048,0.046,-0.7
Ethen Frank,WSH,C,66,152.2,14.44,15.0,0.219,0.227,0.6
Brayden McNabb,VGK,D,310,467.2,14.44,14.4,0.047,0.046,-0.1
Brett Pesce,CAR,D,296,464.7,14.39,10.1,0.049,0.034,-4.3
Mikey Anderson,LAK,D,279,382.5,14.33,12.8,0.051,0.046,-1.6
Mike Hoffman,MTL,C,171,203.4,14.33,15.9,0.084,0.093,1.6
Jiri Kulich,BUF,C,69,181.3,14.3,14.2,0.207,0.207,-0.0
Hendrix Lapierre,WSH,C,104,155.4,14.25,9.2,0.137,0.089,-5.0
Max Jones,ANA,L,129,167.3,14.24,10.1,0.11,0.078,-4.1
Ben Chiarot,FLA,D,310,489.3,14.18,15.5,0.046,0.05,1.3
Andreas Athanasiou,LAK,C,137,179.0,14.06,13.1,0.103,0.095,-1.0
Brett Leason,WSH,R,172,212.3,14.03,13.1,0.082,0.076,-0.9
Matthew Wood,NSH,R,65,159.5,13.96,17.0,0.215,0.262,3.0
Rasmus Sandin,TOR,D,265,384.4,13.95,14.0,0.053,0.053,-0.0
Justin Hryckowian,DAL,C,69,135.0,13.89,14.0,0.201,0.203,0.1
Jamie Drysdale,ANA,D,227,384.1,13.74,18.1,0.061,0.08,4.4
Mario Ferraro,SJS,D,265,386.1,13.72,14.6,0.052,0.055,0.9
Marcus Pettersson,PIT,D,310,423.9,13.69,9.2,0.044,0.03,-4.5
Nick Blankenburg,CBJ,D,143,263.0,13.68,14.5,0.096,0.101,0.8
Brock McGinn,PIT,L,146,145.1,13.49,12.3,0.092,0.084,-1.2
Danila Yurov,MIN,R,65,143.0,13.35,13.0,0.205,0.2,-0.3
Nicolas Deslauriers,MIN,L,183,184.2,13.21,6.8,0.072,0.037,-6.4
Gabe Perreault,NYR,R,44,111.2,13.18,12.0,0.3,0.273,-1.2
Cody Ceci,EDM,D,335,425.8,13.18,10.1,0.039,0.03,-3.1
Jansen Harkins,WPG,C,163,179.6,13.15,8.8,0.081,0.054,-4.4
Braeden Bowman,VGK,R,48,121.0,13.09,8.0,0.273,0.167,-5.1
John Beecher,BOS,C,117,148.0,13.07,9.7,0.112,0.082,-3.4
Mattias Samuelsson,BUF,D,217,337.3,13.04,20.3,0.06,0.094,7.3
Paul Stastny,WPG,C,123,108.0,12.98,11.5,0.106,0.093,-1.5
Zachary L'Heureux,NSH,L,68,143.2,12.95,7.8,0.19,0.114,-5.2
Ryan Pulock,NYI,D,276,450.3,12.92,13.4,0.047,0.049,0.5
Philip Broberg,EDM,D,193,327.5,12.89,14.6,0.067,0.075,1.7
John Marino,PIT,D,240,261.0,12.87,9.9,0.054,0.041,-3.0
Pat Maroon,TBL,L,169,138.9,12.8,8.7,0.076,0.051,-4.1
Jamie Oleksiak,SEA,D,295,374.5,12.74,13.4,0.043,0.045,0.7
Michael McLeod,NJD,C,161,146.6,12.71,9.7,0.079,0.06,-3.0
Ian Cole,CAR,D,304,375.6,12.69,8.4,0.042,0.027,-4.3
Juuso Parssinen,NSH,C,110,126.9,12.68,13.3,0.115,0.121,0.6
Alexandre Carrier,NSH,D,276,357.1,12.55,15.5,0.045,0.056,2.9
Brandon Carlo,BOS,D,281,403.5,12.55,7.6,0.045,0.027,-4.9
Jake McCabe,CHI,D,283,372.6,12.53,13.6,0.044,0.048,1.0
Jake Middleton,MIN,D,224,321.3,12.46,12.7,0.056,0.056,0.2
Noah Laba,NYR,C,55,117.0,12.45,9.0,0.226,0.164,-3.4
Jakob Silfverberg,ANA,R,180,205.4,12.4,9.4,0.069,0.052,-3.1
John Klingberg,DAL,D,214,334.8,12.37,17.7,0.058,0.083,5.3
Arseny Gritsyuk,NJD,R,64,219.0,12.27,13.0,0.192,0.203,0.7
Jeffrey Viel,SJS,L,73,140.5,12.14,5.9,0.166,0.081,-6.2
Adam Erne,DET,L,149,153.6,12.11,11.6,0.081,0.078,-0.6
Jordan Spence,LAK,D,208,401.1,12.1,12.5,0.058,0.06,0.3
Ryan McDonagh,TBL,D,274,354.1,12.06,13.0,0.044,0.047,0.9
Nicolas Hague,VGK,D,279,393.8,12.03,11.1,0.043,0.04,-1.0
Nicolas Aube-Kubel,COL,R,170,172.9,11.96,9.0,0.07,0.053,-3.0
Joel Edmundson,MTL,D,228,393.8,11.91,9.8,0.052,0.043,-2.2
Adam Klapka,CGY,R,92,183.7,11.86,11.1,0.129,0.12,-0.8
Ryan Reaves,NYR,R,169,137.5,11.85,8.7,0.07,0.051,-3.2
Mason Lohrei,BOS,D,158,288.3,11.81,13.5,0.075,0.085,1.7
Oliver Wahlstrom,NYI,R,142,186.5,11.8,10.1,0.083,0.071,-1.8
Ben Meyers,COL,C,91,128.2,11.76,9.5,0.129,0.104,-2.3
Kyle MacLean,NYI,C,120,171.9,11.69,7.7,0.097,0.065,-3.9
Alex Kerfoot,UTA,C,73,97.9,11.65,7.1,0.16,0.098,-4.5
Zachary Aston-Reese,CBJ,C,77,129.2,11.62,5.5,0.151,0.071,-6.1
Zack Bolduc,STL,C,92,177.3,11.61,17.0,0.126,0.185,5.4
Matt Nieto,SJS,L,157,137.7,11.59,7.9,0.074,0.05,-3.7
Hudson Fasching,UTA,R,112,126.2,11.55,8.5,0.103,0.075,-3.1
Sam Malinski,COL,D,179,452.2,11.55,14.4,0.065,0.08,2.9
Braden Schneider,NYR,D,284,412.4,11.51,12.3,0.041,0.043,0.7
Simon Edvinsson,DET,D,132,252.7,11.49,15.6,0.087,0.118,4.1
Jonas Brodin,MIN,D,256,391.5,11.46,13.9,0.045,0.054,2.4
Jonah Gadjovich,SJS,L,129,129.8,11.44,7.1,0.089,0.055,-4.3
Artem Zub,OTT,D,243,356.0,11.34,12.3,0.047,0.05,0.9
Egor Chinakhov,PIT,R,46,187.0,11.27,17.0,0.245,0.37,5.7
Samuel Girard,COL,D,274,370.3,11.17,11.9,0.041,0.043,0.7
Nick Perbix,TBL,D,235,322.2,11.01,10.6,0.047,0.045,-0.4
Mitchell Chaffee,MIN,R,88,113.1,10.91,12.0,0.124,0.136,1.0
Easton Cowan,TOR,R,56,143.0,10.89,11.0,0.194,0.196,0.1
Ryan Lindgren,NYR,D,271,330.5,10.89,9.3,0.04,0.034,-1.6
Nick Bonino,SJS,C,143,127.9,10.88,9.4,0.076,0.065,-1.5
Emil Bemstrom,CBJ,C,139,160.9,10.88,9.0,0.078,0.065,-1.9
Aatu Raty,NYI,C,80,150.9,10.8,10.1,0.135,0.126,-0.7
Nick Seeler,PHI,D,262,407.2,10.77,9.7,0.041,0.037,-1.1
Landon Slaggert,CHI,L,72,116.8,10.7,5.0,0.149,0.07,-5.7
Matt Martin,NYI,L,165,138.5,10.7,6.3,0.065,0.038,-4.4
Colton Dach,CHI,C,73,144.2,10.68,6.5,0.146,0.089,-4.2
Dalibor Dvorsky,STL,R,61,144.5,10.67,12.0,0.175,0.197,1.3
Simon Nemec,NJD,D,134,260.9,10.57,14.9,0.079,0.111,4.3
Trevor van Riemsdyk,WSH,D,258,309.2,10.47,7.2,0.041,0.028,-3.3
Timothy Liljegren,TOR,D,229,328.5,10.45,11.1,0.046,0.048,0.6
Dylan DeMelo,WPG,D,306,409.3,10.44,10.0,0.034,0.033,-0.5
Berkly Catton,SEA,C,59,132.0,10.44,7.0,0.177,0.119,-3.4
Jeremy Lauzon,NSH,D,241,328.3,10.38,6.1,0.043,0.025,-4.3
Brian Dumoulin,PIT,D,289,341.3,10.36,8.9,0.036,0.031,-1.5
Erik Cernak,TBL,D,258,323.3,10.35,8.5,0.04,0.033,-1.9
Zach Whitecloud,VGK,D,254,335.6,10.29,11.3,0.041,0.044,1.0
Ryan Winterton,SEA,C,68,144.6,10.25,4.0,0.151,0.059,-6.2
Travis Boyd,UTA,C,135,103.5,10.2,12.2,0.076,0.09,2.0
Jeff Malott,LAK,L,60,119.0,10.12,3.0,0.169,0.05,-7.1
Adam Edstrom,NYR,C,69,93.4,10.09,7.8,0.146,0.114,-2.2
Martin Fehervary,WSH,D,238,262.1,10.07,13.3,0.042,0.056,3.2
Phil Kessel,UTA,R,145,153.1,10.06,8.0,0.069,0.055,-2.1
Kevin Rooney,NYR,C,128,116.6,10.05,8.2,0.078,0.064,-1.8
Cal Clutterbuck,NYI,R,136,107.9,9.92,8.5,0.073,0.062,-1.5
Connor Clifton,BOS,D,247,296.0,9.91,7.9,0.04,0.032,-2.1
Nick Ritchie,UTA,L,111,103.8,9.88,8.8,0.089,0.079,-1.1
Max Sasson,VAN,C,68,121.8,9.87,15.2,0.145,0.224,5.4
Nick Jensen,WSH,D,266,343.2,9.8,10.0,0.037,0.038,0.2
Liam Ohgren,MIN,L,78,165.8,9.8,10.1,0.126,0.129,0.2
Radko Gudas,FLA,D,291,419.2,9.69,7.7,0.033,0.027,-1.9
Kevin Labanc,SJS,R,146,174.5,9.67,9.5,0.066,0.065,-0.2
Michael Misa,SJS,C,37,82.0,9.65,9.0,0.261,0.243,-0.7
Jakub Vrana,DET,L,96,143.5,9.65,16.2,0.101,0.168,6.5
Carson Soucy,SEA,D,254,319.2,9.64,14.3,0.038,0.056,4.6
Klim Kostin,STL,C,128,118.0,9.58,12.0,0.075,0.093,2.4
Jonas Siegenthaler,NJD,D,243,310.6,9.52,4.3,0.039,0.018,-5.2
Rasmus Kupari,LAK,C,145,134.6,9.47,6.5,0.065,0.044,-3.0
Andrew Peeke,CBJ,D,257,360.6,9.47,9.3,0.037,0.036,-0.2
Matt Grzelcyk,BOS,D,279,407.0,9.39,4.6,0.034,0.017,-4.7
Ross Johnston,NYI,L,101,115.3,9.39,4.9,0.093,0.049,-4.5
Dmitry Kulikov,MIN,D,247,279.3,9.36,8.4,0.038,0.034,-1.0
Alexander Nikishin,CAR,D,87,229.0,9.21,11.0,0.106,0.126,1.8
Dylan Samberg,WPG,D,230,359.4,9.16,6.9,0.04,0.03,-2.3
Ryan Suter,DAL,D,288,316.7,9.15,6.4,0.032,0.022,-2.7
Jeff Petry,MTL,D,235,322.0,9.13,6.9,0.039,0.03,-2.2
Troy Stecher,LAK,D,219,290.3,9.11,7.9,0.042,0.036,-1.2
Denis Gurianov,DAL,R,141,150.2,9.11,6.6,0.065,0.047,-2.5
Andrew Cogliano,COL,C,170,126.2,9.06,9.4,0.053,0.055,0.3
Torey Krug,STL,D,187,252.9,9.05,7.7,0.048,0.041,-1.3
Jakob Pelletier,CGY,L,71,93.9,8.97,7.0,0.126,0.099,-2.0
Marc Gatcomb,NYI,C,70,117.2,8.91,9.0,0.127,0.129,0.1
Erik Gustafsson,CHI,D,235,303.1,8.91,8.6,0.038,0.037,-0.3
Dante Fabbro,NSH,D,265,357.5,8.83,15.1,0.033,0.057,6.3
Kaiden Guhle,MTL,D,177,284.6,8.81,11.4,0.05,0.064,2.6
Justin Barron,MTL,D,149,206.7,8.79,10.3,0.059,0.069,1.5
Michael Kesselring,UTA,D,166,323.4,8.75,8.0,0.053,0.048,-0.7
Brenden Dillon,WPG,D,279,324.2,8.71,10.6,0.031,0.038,1.9
Connor Murphy,CHI,D,251,317.2,8.71,13.6,0.035,0.054,4.9
Will Borgen,SEA,D,267,352.6,8.65,12.6,0.032,0.047,3.9
Nick Lardis,CHI,L,36,95.0,8.63,10.0,0.24,0.278,1.4
Scott Mayfield,NYI,D,237,319.2,8.58,8.0,0.036,0.034,-0.6
Pavol Regenda,ANA,L,36,73.8,8.54,9.4,0.237,0.261,0.9
Zack MacEwen,PHI,C,140,126.5,8.52,5.1,0.061,0.036,-3.4
Tyson Barrie,EDM,D,196,231.3,8.38,8.9,0.043,0.045,0.5
Boris Katchouk,CHI,L,132,118.5,8.35,6.8,0.063,0.051,-1.6
Luke Schenn,VAN,D,248,302.2,8.35,5.4,0.034,0.022,-2.9
Alex Vlasic,CHI,D,189,307.3,8.31,6.4,0.044,0.034,-1.9
Mike Reilly,BOS,D,188,308.7,8.29,6.0,0.044,0.032,-2.2
Alex Steeves,TOR,C,52,100.1,8.28,9.8,0.159,0.188,1.5
Olli Maatta,LAK,D,201,216.3,8.28,8.4,0.041,0.042,0.1
Sam Gagner,DET,C,126,121.4,8.21,9.9,0.065,0.078,1.6
Igor Chernyshov,SJS,L,26,71.0,8.19,9.0,0.315,0.346,0.8
Johnathan Kovacevic,WPG,D,195,251.9,8.19,5.3,0.042,0.027,-2.9
Simon Benoit,ANA,D,236,277.5,8.15,2.8,0.035,0.012,-5.3
Phillip Di Giuseppe,VAN,L,87,105.2,8.09,6.5,0.093,0.074,-1.6
Michael Pezzetta,MTL,L,135,111.8,8.08,5.9,0.06,0.044,-2.1
Zack Ostapchuk,OTT,C,68,95.3,8.07,4.8,0.119,0.07,-3.3
Uvis Balinskis,FLA,D,127,202.3,8.07,9.3,0.064,0.073,1.2
Matt Dumba,MIN,D,182,200.3,8.04,6.2,0.044,0.034,-1.8
Oliver Moore,CHI,C,49,102.8,7.96,5.0,0.162,0.102,-3.0
Patric Hornqvist,FLA,R,87,92.8,7.92,4.3,0.091,0.049,-3.6
Alexander Romanov,MTL,D,263,331.3,7.91,8.6,0.03,0.033,0.6
Vinni Lettieri,ANA,C,92,122.0,7.87,6.5,0.086,0.071,-1.4
Milan Lucic,CGY,L,129,89.4,7.83,5.8,0.061,0.045,-2.0
Jakub Lauko,BOS,C,94,105.4,7.82,7.0,0.083,0.074,-0.8
Tyler Pitlick,MTL,C,112,115.6,7.76,5.7,0.069,0.05,-2.1
Sammy Blais,NYR,L,106,97.7,7.76,7.2,0.073,0.067,-0.6
Brendan Gaunce,CBJ,C,78,109.7,7.76,4.6,0.099,0.059,-3.2
Nicklas Backstrom,WSH,C,87,75.6,7.72,5.2,0.089,0.06,-2.5
Noah Ostlund,BUF,,56,102.0,7.68,12.0,0.137,0.214,4.3
Austin Watson,OTT,L,128,108.9,7.67,10.0,0.06,0.078,2.3
Gavin Brindley,COL,C,46,91.0,7.66,6.0,0.167,0.13,-1.7
Ryan Graves,NJD,D,245,283.4,7.65,8.4,0.031,0.034,0.7
Logan Stanley,WPG,D,191,320.1,7.63,11.0,0.04,0.058,3.4
MacKenzie Entwistle,CHI,R,134,99.3,7.58,5.8,0.057,0.044,-1.7
Oskar Back,DAL,C,58,78.2,7.57,4.0,0.131,0.069,-3.6
Pierre-Edouard Bellemare,TBL,L,143,98.1,7.55,7.5,0.053,0.052,-0.1
Tyson Kozak,BUF,C,47,74.2,7.52,4.2,0.16,0.09,-3.3
Rodrigo Abols,PHI,C,50,92.2,7.49,4.5,0.15,0.09,-3.0
Dominic James,TBL,C,40,101.0,7.45,9.0,0.186,0.225,1.6
Dryden Hunt,NYR,L,113,90.2,7.44,4.6,0.066,0.041,-2.8
Derek Grant,ANA,C,98,85.7,7.43,6.5,0.076,0.066,-0.9
Matt Rempe,NYR,C,51,72.7,7.41,4.3,0.145,0.085,-3.1
Rafael Harvey-Pinard,MTL,L,57,60.3,7.39,7.0,0.13,0.123,-0.4
Cole Schwindt,FLA,C,54,84.4,7.39,5.8,0.137,0.106,-1.6
Zach Aston-Reese,ANA,C,115,93.3,7.34,5.9,0.064,0.051,-1.4
Kevin Bahl,NJD,D,195,268.0,7.32,7.9,0.038,0.041,0.6
Patrick Maroon,CHI,L,54,82.5,7.27,3.8,0.135,0.069,-3.5
Henri Jokiharju,BUF,D,217,285.5,7.26,8.0,0.033,0.037,0.7
Samuel Helenius,LAK,C,60,104.8,7.23,8.0,0.121,0.133,0.8
Julien Gauthier,NYR,R,101,81.6,7.21,7.3,0.071,0.072,0.0
Derek Stepan,CAR,C,122,108.3,7.21,4.7,0.059,0.039,-2.5
Cole Reinhardt,OTT,L,49,91.0,7.17,9.8,0.146,0.199,2.6
Denton Mateychuk,CBJ,D,99,184.2,7.16,16.0,0.072,0.162,8.8
Denver Barkey,PHI,C,40,80.0,7.08,6.0,0.177,0.15,-1.1
Colin Miller,BUF,D,191,273.2,7.07,8.2,0.037,0.043,1.1
Nikita Nesterenko,ANA,C,50,87.2,7.06,5.0,0.141,0.099,-2.1
Alex Formenton,OTT,L,73,62.4,7.01,5.4,0.096,0.074,-1.6
Adam Boqvist,CBJ,D,156,176.9,7.0,8.9,0.045,0.057,1.8
Conor Geekie,TBL,C,58,86.5,6.92,7.0,0.119,0.121,0.1
Oskar Lindblom,PHI,L,116,89.8,6.9,6.0,0.059,0.052,-0.9
Zach Sanford,WPG,L,98,79.5,6.84,3.5,0.07,0.036,-3.3
Devin Shore,EDM,C,114,94.6,6.82,3.2,0.06,0.028,-3.6
Rasmus Asplund,BUF,C,99,81.3,6.73,3.2,0.068,0.032,-3.5
Justin Schultz,WSH,D,185,195.7,6.72,9.4,0.036,0.051,2.6
Nils Lundkvist,NYR,D,189,261.6,6.72,6.8,0.036,0.036,0.1
David Gustafsson,WPG,C,89,85.4,6.71,4.4,0.075,0.05,-2.3
Nils Aman,VAN,C,85,61.1,6.69,4.0,0.079,0.047,-2.7
Wyatt Kaiser,CHI,D,125,209.7,6.68,9.0,0.053,0.072,2.3
Ivan Miroshnichenko,WSH,L,45,77.7,6.67,3.8,0.148,0.086,-2.8
Zach Bogosian,TBL,D,225,280.0,6.67,7.9,0.03,0.035,1.3
Juuso Valimaki,CGY,D,154,170.6,6.63,4.2,0.043,0.027,-2.4
Ryan Carpenter,CGY,C,111,85.7,6.6,4.0,0.059,0.036,-2.5
Colin White,OTT,C,100,79.6,6.58,4.1,0.066,0.041,-2.5
Joey Anderson,TOR,R,86,90.6,6.58,5.2,0.076,0.06,-1.4
Louis Crevier,CHI,D,112,220.6,6.55,9.2,0.059,0.083,2.7
Ville Koivunen,PIT,R,34,73.5,6.55,2.0,0.193,0.059,-4.6
Josh Bailey,NYI,R,109,72.1,6.55,7.4,0.06,0.068,0.8
Ian Moore,ANA,D,66,141.0,6.55,5.0,0.099,0.076,-1.6
Ben Hutton,VGK,D,155,220.9,6.55,9.2,0.042,0.059,2.7
Travis Hamonic,OTT,D,187,263.5,6.53,5.4,0.035,0.029,-1.1
Jake Bean,CBJ,D,171,210.3,6.52,7.2,0.038,0.042,0.7
Porter Martone,PHI,R,17,74.0,6.52,6.0,0.383,0.353,-0.5
Arber Xhekaj,MTL,D,180,254.5,6.51,6.4,0.036,0.036,-0.1
David Krejci,BOS,C,71,66.0,6.45,6.8,0.091,0.096,0.3
Matvei Gridin,CGY,R,36,103.0,6.35,6.0,0.176,0.167,-0.4
Alex Chiasson,VAN,R,66,48.7,6.33,6.3,0.096,0.095,-0.0
Max Comtois,ANA,L,98,83.0,6.32,5.4,0.064,0.055,-0.9
Daniil But,UTA,L,28,69.0,6.32,3.0,0.226,0.107,-3.3
Rem Pitlick,MTL,C,80,56.2,6.31,6.9,0.079,0.086,0.6
Max Shabanov,NYI,R,39,86.0,6.27,5.0,0.161,0.128,-1.3
Ilya Lyubushkin,TOR,D,234,221.5,6.24,3.1,0.027,0.013,-3.1
Tyler Kleven,OTT,D,130,234.8,6.2,6.0,0.048,0.046,-0.2
Jani Nyman,SEA,R,37,87.8,6.17,6.2,0.167,0.169,0.1
Brendan Smith,CAR,D,159,164.0,6.13,5.0,0.039,0.031,-1.1
David Savard,MTL,D,170,157.7,6.08,6.2,0.036,0.036,0.1
Matthew Highmore,VAN,C,68,69.6,6.05,3.0,0.089,0.044,-3.1
Erik Brannstrom,OTT,D,164,174.1,6.04,4.7,0.037,0.029,-1.3
Nick Leddy,STL,D,210,202.6,6.04,6.1,0.029,0.029,0.1
Conor Timmins,UTA,D,141,207.2,5.94,3.6,0.042,0.026,-2.3
Eric Staal,FLA,C,76,68.8,5.92,6.4,0.078,0.084,0.5
Reese Johnson,CHI,C,86,73.7,5.86,3.0,0.068,0.035,-2.9
Erik Johnson,COL,D,197,196.3,5.79,7.0,0.029,0.036,1.3
Brendan Lemieux,LAK,L,95,80.7,5.78,5.1,0.061,0.054,-0.6
Derick Brassard,EDM,C,83,67.8,5.73,7.6,0.069,0.092,1.9
Sheldon Dries,VAN,C,64,62.4,5.72,5.0,0.089,0.078,-0.7
Kevin Shattenkirk,ANA,D,182,200.3,5.69,7.3,0.031,0.04,1.6
Sam Colangelo,ANA,R,38,65.4,5.69,9.1,0.15,0.238,3.4
Tim Washe,ANA,C,41,77.5,5.63,2.0,0.137,0.049,-3.6
Matthew Poitras,BOS,C,51,75.4,5.56,4.5,0.109,0.088,-1.1
Brett Berard,NYR,L,39,79.8,5.55,4.5,0.142,0.115,-1.0
Valtteri Puustinen,PIT,R,52,70.4,5.54,4.2,0.106,0.082,-1.3
Erik Gudbranson,CGY,D,230,257.9,5.51,6.5,0.024,0.028,1.0
Taylor Ward,LAK,R,33,76.0,5.51,3.8,0.167,0.114,-1.8
Isak Rosen,BUF,R,37,74.1,5.48,6.0,0.148,0.162,0.5
Haydn Fleury,SEA,D,125,157.9,5.46,3.1,0.044,0.025,-2.3
Artyom Levshunov,CHI,D,69,156.0,5.4,2.0,0.078,0.029,-3.4
Oskar Bck,DAL,C,36,51.2,5.38,4.0,0.15,0.111,-1.4
Emil Lilleberg,TBL,D,110,172.5,5.37,4.8,0.049,0.043,-0.6
Emil Andrae,PHI,D,71,123.0,5.37,2.8,0.076,0.039,-2.6
Alec Martinez,VGK,D,187,193.0,5.35,8.9,0.029,0.047,3.5
Evgeny Svechnikov,WPG,L,96,67.3,5.34,5.3,0.056,0.055,-0.0
Adam Ruzicka,CGY,C,87,78.1,5.28,5.5,0.061,0.064,0.3
Mark Giordano,TOR,D,175,188.3,5.28,5.6,0.03,0.032,0.4
Alex Bump,PHI,L,22,57.0,5.27,7.0,0.24,0.318,1.7
Jacob MacDonald,COL,D,71,88.4,5.25,4.2,0.074,0.06,-1.0
Wade Allison,PHI,R,54,53.0,5.23,3.6,0.097,0.067,-1.6
Rutger McGroarty,PIT,R,27,65.2,5.23,3.8,0.194,0.139,-1.5
Sam Rinzel,CHI,D,62,156.2,5.19,4.0,0.084,0.065,-1.2
Kaedan Korczak,VGK,D,117,179.7,5.19,3.5,0.044,0.03,-1.6
Ryker Evans,SEA,D,127,192.6,5.18,12.3,0.041,0.097,7.1
Adam Wilsby,NSH,D,61,125.8,5.14,1.8,0.084,0.029,-3.4
Dustin Brown,LAK,R,69,66.0,5.11,2.7,0.074,0.039,-2.4
Jan Rutta,TBL,D,203,198.7,5.11,7.4,0.025,0.036,2.3
Charle-Edouard D'Astous,TBL,D,61,131.0,5.07,6.0,0.083,0.098,0.9
Tyler Tucker,STL,D,111,163.4,5.05,7.0,0.045,0.063,1.9
Ryan Shea,PIT,D,101,175.2,5.0,8.1,0.05,0.08,3.0
Jack Studnicka,BOS,C,78,83.3,4.99,2.1,0.064,0.028,-2.8
Jaret Anderson-Dolan,LAK,C,70,68.7,4.97,4.1,0.071,0.059,-0.9
Karson Kuhlman,SEA,C,75,58.8,4.96,2.1,0.066,0.028,-2.9
Chris Tierney,OTT,C,94,58.8,4.95,5.2,0.053,0.055,0.2
Otto Stenberg,STL,C,24,54.0,4.95,3.0,0.206,0.125,-1.9
Jack Johnson,COL,D,208,177.4,4.93,3.0,0.024,0.015,-1.9
Jacob Melanson,SEA,R,31,67.0,4.92,2.0,0.159,0.065,-2.9
TJ Brodie,TOR,D,176,141.4,4.92,4.0,0.028,0.023,-0.9
Juho Lammikko,VAN,L,66,49.6,4.92,2.1,0.074,0.032,-2.8
Joshua Roy,MTL,R,35,57.6,4.89,3.7,0.14,0.106,-1.2
Calvin de Haan,CHI,D,183,202.8,4.82,3.6,0.026,0.02,-1.2
Alexander Nylander,CBJ,L,21,48.9,4.81,6.0,0.229,0.288,1.2
Walker Duehr,CGY,R,67,74.9,4.75,5.4,0.071,0.081,0.7
Joel Hanley,DAL,D,158,181.2,4.74,2.6,0.03,0.017,-2.1
Justin Dowling,VAN,C,54,64.6,4.74,2.6,0.088,0.049,-2.1
Fredrik Olofsson,DAL,L,62,49.9,4.73,2.1,0.076,0.033,-2.7
Patrick Brown,PHI,C,100,77.9,4.71,2.8,0.047,0.028,-1.9
Caleb Jones,CHI,D,133,127.3,4.7,3.1,0.035,0.023,-1.6
Kieffer Bellows,NYI,L,76,81.8,4.69,4.5,0.062,0.059,-0.2
Jonas Rondbjerg,VGK,R,60,58.3,4.68,1.2,0.078,0.019,-3.5
Nikolai Kovalenko,COL,R,43,58.3,4.66,5.2,0.108,0.122,0.6
Givani Smith,DET,R,80,65.7,4.63,2.1,0.058,0.027,-2.5
Justin Holl,TOR,D,175,145.6,4.63,4.2,0.026,0.024,-0.4
Zeev Buium,MIN,D,61,113.5,4.6,6.0,0.075,0.098,1.4
Dominic Toninato,WPG,C,66,53.0,4.56,2.6,0.069,0.04,-1.9
Sam Dickinson,SJS,D,56,122.0,4.56,1.0,0.081,0.018,-3.6
Parker Wotherspoon,NYI,D,127,187.3,4.54,3.8,0.036,0.03,-0.8
John Hayden,BUF,C,65,56.7,4.54,2.1,0.07,0.033,-2.4
Jon Merrill,MIN,D,175,153.4,4.53,5.7,0.026,0.033,1.2
Lenni Hameenaho,NJD,R,29,76.0,4.52,2.0,0.156,0.069,-2.5
Jacob Peterson,DAL,C,69,51.7,4.49,4.4,0.065,0.064,-0.1
Denis Malgin,COL,C,66,63.6,4.44,5.2,0.067,0.079,0.8
Zayne Parekh,CGY,D,31,79.5,4.42,4.8,0.143,0.153,0.3
Josh Dunne,CBJ,C,34,58.6,4.39,1.0,0.129,0.029,-3.4
Jared Wright,LAK,R,23,47.0,4.39,0.0,0.191,0.0,-4.4
Ondrej Kase,TOR,R,53,52.7,4.39,4.2,0.083,0.079,-0.2
Andreas Johnsson,NJD,L,74,51.1,4.39,3.9,0.059,0.053,-0.5
Alexander Radulov,DAL,R,55,45.0,4.36,1.2,0.079,0.022,-3.2
Marc-Edouard Vlasic,SJS,D,165,158.7,4.31,5.3,0.026,0.032,1.0
Ivan Ivan,COL,C,29,43.5,4.27,3.8,0.147,0.129,-0.5
Jakub Voracek,CBJ,R,81,65.4,4.26,2.2,0.053,0.027,-2.1
Dylan Gambrell,OTT,C,89,53.0,4.25,2.5,0.048,0.028,-1.8
Brayden Pachal,VGK,D,130,174.4,4.25,4.3,0.033,0.033,0.1
Logan Mailloux,MTL,D,62,131.7,4.24,6.5,0.068,0.105,2.3
Albert Johansson,DET,D,93,155.8,4.23,5.2,0.045,0.056,1.0
Ben Jones,VGK,C,42,67.3,4.22,1.0,0.101,0.024,-3.2
Curtis Douglas,VAN,C,29,50.0,4.22,1.0,0.145,0.034,-3.2
Jujhar Khaira,CHI,L,62,46.6,4.2,3.3,0.068,0.053,-0.9
Arttu Hyry,DAL,R,23,49.8,4.2,3.0,0.183,0.13,-1.2
Rudolfs Balcers,SJS,L,62,51.1,4.19,4.5,0.068,0.073,0.3
Olle Lycksell,PHI,R,36,50.4,4.19,1.6,0.116,0.043,-2.6
Zack Kassian,EDM,R,77,44.5,4.14,3.2,0.054,0.042,-0.9
Jonathan Dahlen,SJS,C,51,41.1,4.13,3.6,0.081,0.071,-0.5
Alex Barre-Boulet,TBL,C,34,41.4,4.12,4.2,0.121,0.124,0.1
Marc Staal,DET,D,148,103.9,4.11,2.6,0.028,0.018,-1.5
Nate Danielson,DET,C,23,49.0,4.11,2.0,0.179,0.087,-2.1
Jayden Struble,MTL,D,114,149.5,4.1,5.1,0.036,0.045,1.1
Reid Schaefer,NSH,L,33,58.0,4.07,6.0,0.123,0.182,1.9
Isaac Howard,EDM,L,25,56.0,4.07,2.0,0.163,0.08,-2.1
Thomas Bordeleau,SJS,C,38,53.7,4.04,3.3,0.106,0.087,-0.7
Jesse Ylonen,MTL,R,73,61.0,4.01,4.6,0.055,0.064,0.6
Liam Foudy,CBJ,C,58,48.4,3.97,2.8,0.068,0.048,-1.2
Zakhar Bardakov,COL,C,38,64.0,3.97,1.0,0.104,0.026,-3.0
Urho Vaakanainen,ANA,D,146,175.4,3.95,1.3,0.027,0.009,-2.6
Jacob Bernard-Docker,OTT,D,123,164.7,3.93,4.7,0.032,0.038,0.8
Drew Helleson,ANA,D,88,144.0,3.92,5.4,0.045,0.061,1.5
Axel Jonsson-Fjallby,WSH,L,71,63.2,3.87,4.1,0.054,0.058,0.2
Brett Ritchie,CGY,R,81,62.6,3.85,4.7,0.048,0.058,0.8
Josh Leivo,CAR,L,49,54.6,3.84,1.9,0.078,0.039,-1.9
Michael Raffl,DAL,L,65,42.0,3.83,2.7,0.059,0.042,-1.1
Axel Sandin-Pellikka,DET,D,60,122.0,3.82,7.0,0.064,0.117,3.2
Samuel Honzek,CGY,L,18,40.0,3.8,2.0,0.211,0.111,-1.8
Brennan Othmann,NYR,L,32,53.8,3.79,2.0,0.118,0.062,-1.8
Martin Fehrvry,WSH,D,40,75.2,3.78,3.0,0.094,0.075,-0.8
Mikael Pyyhtia,CBJ,L,47,61.4,3.77,4.0,0.08,0.085,0.2
Arshdeep Bains,VAN,L,25,34.3,3.75,1.8,0.15,0.07,-2.0
Darren Helm,COL,C,75,50.6,3.72,2.7,0.05,0.036,-1.0
Mason Shaw,MIN,C,72,64.8,3.69,3.3,0.051,0.047,-0.3
Jack Finley,TBL,C,24,37.8,3.69,2.0,0.154,0.083,-1.7
David Tomasek,EDM,R,20,45.0,3.68,3.0,0.184,0.15,-0.7
Anton Frondell,CHI,C,12,54.0,3.68,3.0,0.306,0.25,-0.7
Calen Addison,MIN,D,112,119.5,3.66,2.3,0.033,0.021,-1.3
Oliver Kylington,CGY,D,111,112.9,3.65,5.4,0.033,0.049,1.8
Josh Archibald,EDM,R,63,44.9,3.64,2.4,0.058,0.038,-1.2
Ethan Bear,CAR,D,117,104.2,3.57,3.2,0.031,0.028,-0.3
Daniil Miromanov,VGK,D,79,114.3,3.55,3.9,0.045,0.05,0.4
Jason Spezza,TOR,C,61,41.4,3.5,3.6,0.057,0.059,0.1
Nikolas Matinpalo,OTT,D,73,117.1,3.5,0.8,0.048,0.01,-2.7
Spencer Stastney,NSH,D,82,117.2,3.5,3.1,0.043,0.038,-0.4
Radim Zohorna,PIT,L,39,38.7,3.48,3.2,0.089,0.082,-0.3
Ty Emberson,SJS,D,119,165.8,3.47,4.0,0.029,0.034,0.6
Nick DeSimone,CGY,D,72,106.3,3.45,3.8,0.048,0.053,0.4
Wayne Simmonds,TOR,R,59,36.8,3.43,1.5,0.058,0.025,-1.9
Jordan Harris,MTL,D,106,112.3,3.41,5.3,0.032,0.05,1.9
Tom Willander,VAN,D,52,100.0,3.41,5.0,0.066,0.096,1.6
Nikita Grebenkin,TOR,R,32,48.0,3.38,4.0,0.106,0.125,0.6
Filip Hallander,PIT,C,11,34.0,3.38,1.0,0.307,0.091,-2.4
Isac Lundestrm,CBJ,C,29,45.0,3.37,2.0,0.116,0.069,-1.4
Nolan Foote,NJD,L,25,42.3,3.35,2.8,0.134,0.114,-0.5
Matthew Robertson,NYR,D,64,131.2,3.31,6.0,0.052,0.094,2.7
Justin Bailey,VAN,R,59,60.6,3.29,2.8,0.056,0.047,-0.5
Alex Goligoski,MIN,D,119,92.2,3.27,1.7,0.027,0.014,-1.6
Cole Guttman,CHI,C,38,48.3,3.27,3.8,0.086,0.1,0.5
Chris Tanev,CGY,D,170,163.4,3.27,4.5,0.019,0.026,1.2
Bo Groulx,ANA,C,39,51.7,3.26,3.0,0.084,0.077,-0.3
Philippe Myers,NSH,D,83,152.3,3.25,2.2,0.039,0.027,-1.1
Egor Zamula,PHI,D,113,124.8,3.25,5.0,0.029,0.044,1.8
Ozzy Wiesblatt,NSH,C,29,44.5,3.23,1.0,0.111,0.034,-2.2
Alexander Petrovic,DAL,D,61,102.6,3.22,2.8,0.053,0.045,-0.5
Bradly Nadeau,CAR,L,14,35.7,3.21,3.0,0.229,0.214,-0.2
Stephen Halliday,OTT,C,24,44.0,3.19,4.0,0.133,0.167,0.8
Zac Jones,NYR,D,83,105.7,3.18,2.2,0.038,0.027,-0.9
Pierre-Olivier Joseph,PIT,D,123,124.5,3.18,3.1,0.026,0.025,-0.1
Kyle Burroughs,VAN,D,118,115.1,3.16,2.2,0.027,0.019,-1.0
Lian Bichsel,DAL,D,67,116.2,3.15,7.0,0.047,0.104,3.8
Shakir Mukhamadullin,SJS,D,63,111.6,3.14,6.5,0.05,0.103,3.4
Avery Hayes,PIT,R,15,44.0,3.14,5.0,0.209,0.333,1.9
Alex Galchenyuk,UTA,C,53,41.0,3.12,1.8,0.059,0.034,-1.3
Declan Chisholm,WPG,D,92,126.2,3.11,4.1,0.034,0.045,1.0
Jordan Oesterle,DET,D,114,116.3,3.09,4.4,0.027,0.039,1.3
Joonas Donskoi,SEA,R,59,37.5,3.07,0.6,0.052,0.01,-2.5
Jacob Bryson,BUF,D,123,100.2,3.05,3.2,0.025,0.026,0.2
Jonathan Aspirot,BOS,D,52,96.0,3.02,3.0,0.058,0.058,-0.0
Derek Forbort,BOS,D,156,133.7,3.01,5.0,0.019,0.032,2.0
Vincent Desharnais,EDM,D,132,152.5,3.01,1.6,0.023,0.012,-1.5
Kurtis MacDermid,COL,D,80,55.6,3.0,2.1,0.037,0.026,-0.9
Jake Christiansen,CBJ,D,101,137.5,2.99,1.1,0.03,0.01,-1.9
Dylan Coghlan,VGK,D,89,112.4,2.96,1.9,0.033,0.021,-1.1
Austin Czarnik,SEA,C,55,42.3,2.96,1.8,0.054,0.033,-1.2
Josh Brown,BOS,D,119,92.2,2.88,3.2,0.024,0.027,0.4
Laurent Dauphin,MTL,C,47,32.9,2.88,1.3,0.061,0.028,-1.6
Mathew Dumba,DAL,D,59,95.8,2.87,1.8,0.049,0.03,-1.1
Noah Juulsen,VAN,D,101,114.6,2.85,1.6,0.028,0.015,-1.3
Marc Del Gaizo,NSH,D,44,84.4,2.82,1.5,0.064,0.034,-1.3
Brad Lambert,WPG,C,22,44.6,2.82,3.0,0.128,0.136,0.2
Justin Kirkland,ANA,C,32,37.2,2.79,2.5,0.087,0.078,-0.3
Joshua Mahura,SEA,D,61,93.0,2.75,1.0,0.045,0.016,-1.7
Tanner Laczynski,PHI,C,28,31.4,2.74,1.5,0.098,0.055,-1.2
Anthony Richard,MTL,C,30,37.5,2.72,3.2,0.091,0.108,0.5
Jake Leschyshyn,VGK,C,53,28.5,2.71,0.6,0.051,0.011,-2.1
Henry Thrun,SJS,D,81,105.7,2.67,3.1,0.033,0.039,0.5
Josh Mahura,ANA,D,126,93.3,2.66,2.5,0.021,0.02,-0.2
Brian Boyle,PIT,C,57,36.0,2.64,3.3,0.046,0.058,0.7
Michael Sgarbossa,WSH,C,22,26.1,2.63,3.5,0.12,0.161,0.9
Jaroslav Chmelar,NYR,R,17,29.0,2.61,4.0,0.154,0.235,1.4
Ryan Getzlaf,ANA,C,51,44.4,2.6,0.9,0.051,0.018,-1.7
Scott Sabourin,OTT,R,22,32.4,2.59,1.0,0.118,0.045,-1.6
Andrew Ladd,UTA,L,41,24.0,2.54,2.1,0.062,0.051,-0.4
Konsta Helenius,BUF,C,12,39.0,2.53,3.0,0.211,0.25,0.5
Yan Kuznetsov,CGY,D,48,82.6,2.53,4.0,0.053,0.083,1.5
Maxim Mamin,FLA,C,38,22.8,2.53,1.8,0.067,0.047,-0.7
Joel Hofer,STL,G,7,6.5,2.52,0.0,0.36,0.0,-2.5
Cole Hutson,WSH,D,12,39.0,2.52,3.0,0.21,0.25,0.5
Dominik Shine,DET,R,14,21.2,2.51,3.0,0.179,0.214,0.5
Akil Thomas,LAK,C,19,26.9,2.5,2.4,0.132,0.126,-0.1
Saku Maenalanen,WPG,R,50,37.2,2.49,1.6,0.05,0.032,-0.9
Rourke Chartier,OTT,C,31,32.6,2.46,1.1,0.079,0.035,-1.4
Marco Scandella,STL,D,104,76.8,2.46,2.4,0.024,0.023,-0.1
Travis Dermott,VAN,D,85,66.0,2.46,2.1,0.029,0.025,-0.4
Jonathan Lekkerimaki,VAN,R,22,35.5,2.45,3.2,0.111,0.148,0.8
Noah Philp,EDM,C,23,36.2,2.43,2.0,0.106,0.087,-0.4
Chris Wagner,BOS,R,34,43.2,2.42,1.3,0.071,0.038,-1.1
Kevin Korchinski,CHI,D,87,100.4,2.4,3.5,0.028,0.04,1.1
Nick Holden,OTT,D,110,75.4,2.39,2.3,0.022,0.021,-0.1
Elias Salomonsson,WPG,D,28,65.0,2.37,1.0,0.085,0.036,-1.4
Tyler Ennis,OTT,R,46,37.2,2.36,2.4,0.051,0.052,0.0
Oskar Steen,BOS,C,45,34.8,2.35,1.6,0.052,0.034,-0.8
Lane Pederson,SJS,C,43,26.3,2.35,1.2,0.055,0.028,-1.2
Owen Beck,MTL,C,19,29.9,2.34,1.0,0.123,0.053,-1.3
Matt Benning,NSH,D,115,79.2,2.34,0.4,0.02,0.003,-1.9
Dominik Simon,ANA,C,54,34.2,2.33,0.9,0.043,0.017,-1.4
Jacob Middleton,MIN,D,65,42.7,2.33,1.6,0.036,0.025,-0.7
Mitchell Stephens,DET,C,45,41.8,2.32,1.9,0.052,0.041,-0.5
Ty Smith,NJD,D,70,61.5,2.31,2.6,0.033,0.038,0.3
Jayson Megna,COL,C,51,28.7,2.29,0.8,0.045,0.016,-1.5
Jani Hakanpaa,DAL,D,122,97.2,2.28,3.9,0.019,0.032,1.6
Max Willman,PHI,C,56,39.1,2.28,2.8,0.041,0.051,0.6
Lukas Sedlak,PHI,C,24,21.6,2.26,1.2,0.094,0.05,-1.1
John Leonard,SJS,L,32,39.7,2.25,3.2,0.07,0.102,1.0
Chad Ruhwedel,PIT,D,129,97.1,2.25,2.1,0.017,0.017,-0.1
Logan Brown,STL,C,43,24.3,2.24,2.0,0.052,0.047,-0.2
Matthew Phillips,CGY,C,19,16.4,2.23,0.6,0.118,0.029,-1.7
Carl Hagelin,WSH,L,44,28.8,2.22,0.9,0.05,0.02,-1.3
Anders Bjork,BUF,L,51,26.8,2.21,2.3,0.043,0.045,0.1
Andre Lee,LAK,L,20,26.2,2.2,1.8,0.11,0.087,-0.4
Tobias Bjornfot,LAK,D,74,59.1,2.17,2.0,0.029,0.027,-0.2
Vitali Kravtsov,VAN,R,36,25.6,2.17,1.6,0.06,0.044,-0.6
Loui Eriksson,UTA,L,54,31.2,2.17,0.9,0.04,0.017,-1.3
James Hamblin,EDM,L,26,20.8,2.17,1.1,0.083,0.042,-1.1
Jaycob Megna,SJS,D,99,75.9,2.16,1.0,0.022,0.01,-1.2
Robert Bortuzzo,STL,D,91,58.1,2.16,1.1,0.024,0.012,-1.1
Danil Gushchin,SJS,L,18,30.3,2.16,1.0,0.12,0.053,-1.2
Brendan Brisson,VGK,C,22,31.3,2.16,1.1,0.098,0.05,-1.1
Marc McLaughlin,BOS,C,25,25.4,2.15,2.9,0.086,0.118,0.8
Matthew Kessel,STL,D,67,80.4,2.11,2.5,0.031,0.038,0.4
Antoine Roussel,UTA,L,41,25.5,2.09,1.2,0.051,0.029,-0.9
Nikita Alexandrov,STL,C,33,26.4,2.06,1.2,0.062,0.036,-0.9
Nikita Chibrikov,WPG,R,11,26.0,2.04,2.0,0.186,0.186,0.0
Max Crozier,TBL,D,30,70.0,2.04,1.0,0.068,0.033,-1.0
Carson Meyer,CBJ,R,30,23.7,2.03,0.9,0.068,0.028,-1.2
William Lockwood,VAN,R,41,29.1,2.02,0.0,0.049,0.0,-2.0
Jacob Lucchini,OTT,C,33,29.1,2.01,1.5,0.061,0.045,-0.5
Luca Del Bel Belluz,CBJ,C,22,32.4,2.0,2.0,0.091,0.093,0.1
Vladislav Kolyachonok,UTA,D,52,57.6,1.99,3.3,0.038,0.064,1.4
Gerry Mayhew,ANA,C,35,24.0,1.97,3.3,0.056,0.094,1.3
Riley Sheahan,SEA,C,45,26.7,1.96,1.2,0.044,0.027,-0.8
Marian Studenic,DAL,L,30,21.8,1.96,0.6,0.065,0.02,-1.4
Matt Luff,NSH,R,38,28.0,1.95,2.7,0.051,0.071,0.7
Janne Kuokkanen,NJD,C,46,26.7,1.95,1.8,0.042,0.039,-0.2
Joel Nystrom,CAR,D,32,63.0,1.93,1.0,0.06,0.031,-0.9
Jack St. Ivany,PIT,D,37,55.9,1.93,0.0,0.052,0.0,-1.9
Kyle Capobianco,UTA,D,69,60.3,1.92,3.4,0.028,0.049,1.5
Hunter Haight,MIN,C,6,16.0,1.91,1.0,0.318,0.167,-0.9
Declan Carlile,TBL,D,34,59.0,1.9,1.8,0.056,0.051,-0.1
Scott Morrow,CAR,D,40,75.9,1.88,0.8,0.047,0.019,-1.1
Sandis Vilmanis,FLA,L,17,27.0,1.87,3.0,0.11,0.176,1.1
Angus Crookshank,OTT,L,18,29.3,1.83,2.1,0.102,0.117,0.3
Joey Daccord,SEA,G,6,6.8,1.78,0.0,0.297,0.0,-1.8
Andreas Englund,CHI,D,96,75.5,1.78,1.3,0.019,0.014,-0.5
Zach Metsa,BUF,D,27,36.0,1.77,3.0,0.066,0.111,1.2
Radim Simek,SJS,D,55,32.6,1.76,0.7,0.032,0.013,-1.1
Mark Friedman,PIT,D,65,57.7,1.75,1.0,0.027,0.015,-0.7
Trey Fix-Wolansky,CBJ,R,22,28.2,1.74,1.8,0.079,0.082,0.1
Patrik Nemeth,NYR,D,102,62.8,1.73,0.6,0.017,0.006,-1.1
Scott Reedy,SJS,C,25,14.4,1.72,2.1,0.069,0.084,0.4
Mackenzie MacEachern,STL,L,26,20.9,1.71,1.4,0.066,0.054,-0.3
Victor Rask,SEA,C,38,23.7,1.67,2.7,0.044,0.071,1.0
David Jiricek,CBJ,D,57,70.0,1.65,1.3,0.029,0.023,-0.3
Cale Fleury,SEA,D,41,63.1,1.65,1.0,0.04,0.024,-0.6
Joakim Kemell,NSH,R,16,28.8,1.65,1.0,0.103,0.062,-0.6
Alex Nylander,PIT,L,15,19.1,1.64,0.4,0.11,0.027,-1.2
Alexei Toropchenko,STL,R,35,22.5,1.64,0.6,0.047,0.017,-1.0
Cody Eakin,BUF,C,48,28.5,1.63,1.2,0.034,0.025,-0.4
Isaak Phillips,CHI,D,40,47.0,1.62,1.1,0.04,0.029,-0.5
Joe Snively,WSH,C,21,16.5,1.61,2.0,0.077,0.095,0.4
Gustav Lindstrom,DET,D,68,49.8,1.61,2.4,0.024,0.035,0.7
Igor Shesterkin,NYR,G,8,4.7,1.6,0.0,0.2,0.0,-1.6
Nikita Okhotiuk,NJD,D,53,53.7,1.6,1.2,0.03,0.024,-0.3
Robert Hagg,FLA,D,81,58.1,1.6,1.1,0.02,0.014,-0.5
Adam Sykora,NYR,L,8,21.0,1.59,3.0,0.199,0.375,1.4
Dakota Mermis,MIN,D,49,59.4,1.58,2.7,0.032,0.054,1.1
Martin Kaut,COL,R,29,27.0,1.58,1.6,0.054,0.055,0.0
Fabian Lysell,BOS,R,10,22.5,1.58,0.8,0.158,0.075,-0.8
Justin Braun,NYR,D,101,62.3,1.58,1.8,0.016,0.018,0.2
Riley Nash,TBL,C,44,20.1,1.57,0.0,0.036,0.0,-1.6
Riley Stillman,CHI,D,78,52.3,1.57,1.0,0.02,0.013,-0.6
Jasper Weatherby,SJS,C,37,19.2,1.55,1.5,0.042,0.041,-0.1
Michael Stone,CGY,D,64,72.5,1.55,3.6,0.024,0.056,2.0
Raphael Lavoie,EDM,C,11,17.1,1.55,0.0,0.141,0.0,-1.5
Juha Jaaska,CAR,L,12,16.5,1.54,0.0,0.128,0.0,-1.5
Josh Samanski,EDM,C,16,24.0,1.53,3.0,0.096,0.188,1.5
Johan Larsson,WSH,L,37,21.6,1.53,2.1,0.041,0.057,0.6
Calle Rosen,STL,D,61,48.5,1.53,3.8,0.025,0.062,2.3
Thomas Novak,NSH,C,26,20.3,1.52,1.9,0.059,0.073,0.4
Nikita Zaitsev,OTT,D,101,73.2,1.52,2.1,0.015,0.021,0.6
Hunter Brzustewicz,CGY,D,24,48.5,1.52,2.0,0.063,0.083,0.5
Nic Petan,VAN,C,26,21.5,1.51,0.4,0.058,0.015,-1.1
Henrik Borgstrom,CHI,C,32,17.1,1.51,1.2,0.047,0.037,-0.3
Alexander Edler,LAK,D,90,65.6,1.5,1.7,0.017,0.019,0.2
Byron Froese,VGK,C,22,20.9,1.48,0.4,0.067,0.018,-1.1
Michael Brandsegg-Nygrd,DET,R,8,25.0,1.46,0.0,0.183,0.0,-1.5
Theo Lindstein,STL,D,13,31.0,1.46,2.0,0.112,0.154,0.5
Victor Mancini,VAN,D,34,47.5,1.46,1.5,0.043,0.044,0.0
Donovan Sebrango,FLA,D,37,63.0,1.46,0.0,0.039,0.0,-1.5
Scott Perunovich,STL,D,64,56.1,1.45,1.5,0.023,0.023,0.0
Dennis Cholowski,SEA,D,45,57.9,1.41,2.2,0.031,0.05,0.8
Cal Foote,TBL,D,78,49.6,1.41,1.4,0.018,0.018,-0.0
Parker Ford,WPG,C,14,23.0,1.4,0.8,0.1,0.054,-0.7
Alex Belzile,MTL,R,37,25.4,1.4,2.4,0.038,0.065,1.0
Joona Koppanen,BOS,L,23,27.8,1.38,0.8,0.06,0.033,-0.6
Tyler Bozak,STL,C,42,20.1,1.35,1.5,0.032,0.036,0.1
Anton Stralman,UTA,D,61,38.7,1.34,2.4,0.022,0.039,1.1
Anton Blidh,BOS,L,31,20.8,1.34,0.6,0.043,0.019,-0.7
Ilya Solovyov,CGY,D,36,58.5,1.34,1.0,0.037,0.028,-0.3
Colton White,NJD,D,59,41.6,1.33,0.0,0.023,0.0,-1.3
P.K. Subban,NJD,D,68,51.6,1.32,1.5,0.019,0.022,0.2
Brad Hunt,VAN,D,83,53.8,1.31,2.5,0.016,0.03,1.2
P.O Joseph,PIT,D,32,47.0,1.3,1.0,0.041,0.031,-0.3
Buddy Robinson,ANA,R,29,21.0,1.29,0.7,0.044,0.024,-0.6
Keith Yandle,PHI,D,63,44.4,1.28,0.3,0.02,0.005,-1.0
Victor Soderstrom,UTA,D,41,34.8,1.27,0.0,0.031,0.0,-1.3
Tim Berni,CBJ,D,37,29.2,1.27,0.4,0.034,0.011,-0.9
Ethan Cardwell,SJS,R,12,20.0,1.27,1.8,0.106,0.146,0.5
Duncan Keith,EDM,D,59,43.5,1.26,0.6,0.021,0.01,-0.7
Gavin Bayreuther,CBJ,D,74,49.1,1.25,0.8,0.017,0.011,-0.5
Ville Heinola,WPG,D,34,43.8,1.24,0.0,0.037,0.0,-1.2
Hayden Hodgson,PHI,R,11,15.9,1.24,0.3,0.113,0.027,-0.9
Jack Thompson,SJS,D,29,48.5,1.24,3.0,0.043,0.103,1.8
Alexander Alexeyev,WSH,D,61,56.3,1.23,0.6,0.02,0.009,-0.7
Chris Wideman,MTL,D,79,48.0,1.22,1.2,0.015,0.015,-0.0
Rory Kerins,CGY,C,6,11.0,1.22,0.0,0.203,0.0,-1.2
Lucas Carlsson,FLA,D,39,37.3,1.22,1.7,0.031,0.042,0.4
Jere Innala,COL,L,9,12.8,1.2,0.0,0.134,0.0,-1.2
Callahan Burke,COL,C,8,12.1,1.2,0.8,0.15,0.094,-0.5
Jacob Moverare,LAK,D,55,60.8,1.2,1.3,0.022,0.024,0.1
Joe Thornton,FLA,C,24,10.5,1.2,1.5,0.05,0.062,0.3
Ethan Del Mastro,CHI,D,34,43.8,1.18,1.5,0.035,0.044,0.3
Grigori Denisenko,FLA,L,22,15.5,1.18,0.0,0.054,0.0,-1.2
Adam Beckman,MIN,L,19,18.2,1.18,0.0,0.062,0.0,-1.2
Ryan Johnson,BUF,D,34,39.5,1.18,0.0,0.035,0.0,-1.2
Jesper Froden,BOS,R,19,11.3,1.17,0.3,0.062,0.016,-0.9
Charles Alexis Legault,CAR,D,10,22.0,1.17,1.0,0.117,0.1,-0.2
Jani Hakanp,DAL,D,60,45.9,1.17,1.2,0.019,0.02,0.0
Keaton Middleton,COL,D,33,53.2,1.16,0.0,0.035,0.0,-1.2
Ryan Dzingel,SJS,C,24,13.5,1.16,1.5,0.048,0.062,0.3
Tyson Gross,CGY,C,5,7.0,1.15,1.0,0.231,0.2,-0.2
Matt Irwin,WSH,D,65,50.7,1.14,1.1,0.018,0.017,-0.0
Daemon Hunt,MIN,D,29,39.4,1.14,0.0,0.039,0.0,-1.1
Mike Benning,FLA,D,16,28.0,1.13,2.0,0.071,0.125,0.9
Jared Davidson,MTL,C,7,13.0,1.13,0.0,0.162,0.0,-1.1
Sheldon Rempal,VAN,R,9,11.6,1.13,1.1,0.126,0.122,-0.0
Jacob Quillan,TOR,C,15,23.0,1.12,1.0,0.075,0.067,-0.1
Tristan Jarry,PIT,G,5,3.5,1.11,0.6,0.222,0.11,-0.6
Dysin Mayo,UTA,D,66,41.6,1.1,1.2,0.017,0.018,0.1
Mathieu Perreault,MTL,C,19,10.5,1.09,1.2,0.057,0.063,0.1
Jiri Smejkal,OTT,L,15,13.2,1.08,0.6,0.072,0.037,-0.5
Patrick Giles,SJS,R,11,17.0,1.07,0.8,0.098,0.068,-0.3
Christopher Tanev,CGY,D,66,42.6,1.07,1.8,0.016,0.027,0.7
Paul Byron,MTL,L,20,11.1,1.07,1.2,0.053,0.06,0.1
Lucas Condotta,MTL,C,9,9.7,1.06,1.1,0.118,0.128,0.1
Brad Richardson,VAN,R,30,14.4,1.05,1.2,0.035,0.04,0.2
Riley Tufte,DAL,L,14,16.8,1.04,1.9,0.074,0.132,0.8
Janis Moser,UTA,D,24,20.1,1.03,2.4,0.043,0.1,1.4
Nolan Patrick,VGK,C,21,12.9,1.03,0.6,0.049,0.029,-0.4
John Ludvig,PIT,D,26,27.9,1.02,1.7,0.039,0.063,0.6
Dmitri Simashev,UTA,D,21,36.0,1.02,0.0,0.048,0.0,-1.0
Ian Mitchell,CHI,D,45,36.1,1.01,0.4,0.022,0.009,-0.6
Jake Muzzin,TOR,D,48,39.9,1.01,1.5,0.021,0.031,0.5
Mike Hardman,CHI,L,18,12.8,1.01,0.0,0.056,0.0,-1.0
Brett Murray,BUF,L,12,7.1,0.99,0.6,0.082,0.05,-0.4
Ronnie Attard,PHI,D,23,26.6,0.98,0.6,0.043,0.026,-0.4
Milos Kelemen,UTA,L,16,12.0,0.97,0.4,0.061,0.025,-0.6
Dennis Gilbert,CGY,D,46,44.4,0.97,1.0,0.021,0.021,-0.0
Jarred Tinordi,NYR,D,58,47.7,0.96,1.1,0.016,0.019,0.1
Cam Dineen,UTA,D,30,35.1,0.95,0.0,0.032,0.0,-0.9
Greg McKegg,NYR,C,23,9.3,0.95,0.6,0.041,0.026,-0.3
Waltteri Merela,TBL,C,11,10.5,0.93,0.6,0.084,0.05,-0.4
Nate Thompson,PHI,C,22,10.5,0.92,0.3,0.042,0.014,-0.6
Colton Sceviour,EDM,C,26,15.9,0.92,0.6,0.035,0.023,-0.3
Zdeno Chara,NYI,D,60,34.2,0.92,0.6,0.015,0.01,-0.3
Kristian Vesalainen,WPG,L,30,14.7,0.92,0.6,0.031,0.02,-0.3
Mark Pysyk,BUF,D,50,29.4,0.92,0.9,0.018,0.018,-0.0
Lias Andersson,LAK,C,16,10.7,0.91,0.3,0.057,0.019,-0.6
Jett Luchanko,PHI,C,5,6.5,0.91,0.0,0.181,0.0,-0.9
Drake Caggiula,BUF,C,24,15.8,0.89,0.6,0.037,0.025,-0.3
Jonathan Lekkerimki,VAN,R,6,14.5,0.89,1.0,0.148,0.167,0.1
Brian Halonen,NJD,L,14,20.2,0.88,1.0,0.063,0.071,0.1
Alec Regula,CHI,D,30,40.4,0.88,0.3,0.029,0.01,-0.6
Cam Lund,SJS,C,9,11.2,0.88,1.5,0.097,0.167,0.6
Dylan McIlrath,WSH,D,26,32.5,0.87,0.0,0.034,0.0,-0.9
Gregory Hofmann,CBJ,C,15,10.8,0.87,0.6,0.058,0.04,-0.3
James Malatesta,CBJ,L,10,11.8,0.86,1.1,0.086,0.11,0.2
Kale Clague,MTL,D,48,23.8,0.86,0.6,0.018,0.012,-0.3
Jordie Benn,MIN,D,40,23.8,0.86,0.7,0.021,0.017,-0.2
Nathan Beaulieu,WPG,D,46,30.2,0.84,0.0,0.018,0.0,-0.8
Jordan Gross,NSH,D,13,15.2,0.84,1.2,0.065,0.092,0.4
Aydar Suniev,CGY,L,7,11.8,0.83,0.0,0.119,0.0,-0.8
Carter Rowney,DET,C,13,6.3,0.81,1.2,0.062,0.092,0.4
Zac Dalpe,FLA,C,21,15.6,0.8,1.2,0.038,0.057,0.4
Kole Lind,SEA,R,19,11.7,0.8,0.6,0.042,0.032,-0.2
Benoit-Olivier Groulx,ANA,C,13,7.5,0.78,0.3,0.06,0.023,-0.5
Nolan Allan,CHI,D,21,24.8,0.78,0.8,0.037,0.036,-0.0
William Lagesson,MTL,D,49,34.0,0.77,0.0,0.016,0.0,-0.8
Maveric Lamoureux,UTA,D,18,27.0,0.77,0.8,0.043,0.042,-0.0
Mason Morelli,VGK,L,6,6.6,0.77,1.7,0.128,0.275,0.9
Dean Kukan,CBJ,D,30,16.8,0.77,0.9,0.026,0.03,0.1
Olli Mtt,UTA,D,15,29.0,0.76,0.0,0.051,0.0,-0.8
Casey Fitzgerald,BUF,D,43,25.0,0.76,0.0,0.018,0.0,-0.8
Oscar Fisker Molgaard,SEA,C,6,10.0,0.76,0.0,0.126,0.0,-0.8
Scott Harrington,CBJ,D,35,25.3,0.76,1.6,0.022,0.046,0.8
Samuel Fagemo,LAK,L,14,12.9,0.75,1.4,0.054,0.096,0.6
Georgii Merkulov,BOS,C,7,10.9,0.75,0.0,0.107,0.0,-0.7
Vincent Iorio,WSH,D,21,30.9,0.75,0.0,0.036,0.0,-0.7
Samuel Bolduc,NYI,D,40,42.3,0.75,1.9,0.019,0.048,1.2
Bokondji Imama,UTA,L,16,16.1,0.74,1.1,0.046,0.066,0.3
Connor Mackey,CGY,D,31,27.5,0.74,1.2,0.024,0.039,0.5
James Neal,STL,L,17,11.1,0.74,0.6,0.043,0.035,-0.1
Kyle Clifford,TOR,L,18,12.0,0.74,0.3,0.041,0.017,-0.4
Tristan Luneau,ANA,D,13,17.8,0.74,1.6,0.057,0.119,0.8
Isaiah George,NYI,D,24,32.8,0.73,0.8,0.03,0.031,0.0
Sasha Chmelevski,SJS,C,18,14.7,0.72,0.0,0.04,0.0,-0.7
Matej  Blumel,DAL,R,5,7.5,0.72,0.8,0.145,0.15,0.0
Danny DeKeyser,DET,D,42,21.9,0.71,0.0,0.017,0.0,-0.7
Luca Cagnoni,SJS,D,8,15.0,0.7,0.0,0.087,0.0,-0.7
Grant Hutton,NYI,D,20,20.5,0.69,0.3,0.035,0.015,-0.4
Roby Jarventie,OTT,L,6,5.3,0.68,0.0,0.114,0.0,-0.7
Sam Poulin,PIT,R,11,15.0,0.68,0.0,0.062,0.0,-0.7
Bowen  Byram,COL,D,17,16.5,0.68,1.7,0.04,0.097,1.0
Ty Mueller,VAN,C,6,5.8,0.67,1.0,0.111,0.167,0.3
Egor Afanasyev,NSH,L,16,13.3,0.66,0.4,0.041,0.025,-0.3
Jay Beagle,UTA,C,18,8.7,0.66,0.3,0.036,0.017,-0.4
Dmitrij Jaskin,UTA,R,11,9.9,0.64,0.0,0.059,0.0,-0.6
Taro Hirose,DET,L,12,5.8,0.64,0.3,0.053,0.025,-0.3
Lassi Thomson,OTT,D,22,28.1,0.64,0.0,0.029,0.0,-0.6
Jean-Luc Foudy,COL,C,6,6.7,0.63,0.6,0.106,0.092,-0.1
Hugh McGing,STL,L,6,6.2,0.63,1.0,0.105,0.167,0.4
Tucker Poolman,VAN,D,31,19.5,0.63,0.3,0.02,0.01,-0.3
Martin Frk,LAK,R,6,6.6,0.62,0.6,0.103,0.1,-0.0
Samuel Walker,MIN,C,9,4.0,0.62,0.4,0.069,0.044,-0.2
Jan Jenik,UTA,R,16,10.9,0.62,0.6,0.038,0.037,-0.0
Victor Mete,OTT,D,35,15.8,0.61,0.0,0.018,0.0,-0.6
Brendan Perlini,EDM,L,17,10.2,0.61,1.2,0.036,0.071,0.6
Corey Schueneman,MTL,D,32,23.4,0.61,0.6,0.019,0.019,-0.0
Maxwell Crozier,TBL,D,15,23.5,0.61,0.0,0.04,0.0,-0.6
Jacob Gaucher,PHI,C,7,8.0,0.6,0.0,0.086,0.0,-0.6
Lukas Rousek,BUF,R,8,5.6,0.6,0.4,0.075,0.05,-0.2
Nathan Smith,UTA,C,11,6.6,0.6,0.6,0.054,0.055,0.0
Will Butcher,BUF,D,27,18.0,0.6,0.6,0.022,0.022,0.0
Taylor Makar,COL,L,5,8.0,0.59,0.0,0.117,0.0,-0.6
Kristian Reichel,WPG,C,12,7.7,0.58,0.3,0.049,0.025,-0.3
Mikhail Maltsev,COL,L,18,10.6,0.58,0.0,0.032,0.0,-0.6
Charles Hudon,COL,L,7,8.4,0.58,0.0,0.083,0.0,-0.6
Jack Devine,FLA,R,5,11.0,0.58,0.0,0.116,0.0,-0.6
Brad Malone,EDM,C,11,6.9,0.58,0.3,0.052,0.027,-0.3
Mark Borowiecki,NSH,D,42,22.0,0.57,0.0,0.014,0.0,-0.6
Adam Engstrom,MTL,D,12,17.0,0.57,0.0,0.048,0.0,-0.6
Arttu Ruotsalainen,BUF,C,14,8.4,0.57,0.6,0.041,0.043,0.0
Ryan Ufko,NSH,D,13,19.0,0.56,2.0,0.043,0.154,1.4
Andy Greene,NYI,D,48,25.8,0.55,0.6,0.011,0.012,0.1
Kevin Gravel,NSH,D,22,20.8,0.55,0.0,0.025,0.0,-0.5
Jakub Zboril,BOS,D,21,12.9,0.55,0.4,0.026,0.019,-0.1
James Hagens,BOS,C,5,10.0,0.54,0.0,0.109,0.0,-0.5
Zach Dean,STL,C,7,8.8,0.54,0.0,0.077,0.0,-0.5
Jonathan Gruden,PIT,C,8,6.6,0.54,0.6,0.067,0.069,0.0
Sampo Ranta,COL,L,14,6.6,0.52,0.0,0.037,0.0,-0.5
Ryan Murray,COL,D,29,14.7,0.52,0.0,0.018,0.0,-0.5
Jack Ahcan,BOS,D,15,14.9,0.52,0.3,0.035,0.02,-0.2
Matt Kiersted,FLA,D,22,17.4,0.52,0.7,0.024,0.032,0.2
Andrew Agozzino,OTT,L,6,5.7,0.52,0.4,0.086,0.067,-0.1
Tyson Hinds,ANA,D,11,22.0,0.5,0.0,0.046,0.0,-0.5
Aleksi Heponiemi,FLA,C,9,4.8,0.5,0.4,0.056,0.044,-0.1
Owen Pickering,PIT,D,20,22.2,0.5,0.8,0.025,0.037,0.3
Egor Sokolov,OTT,L,7,5.3,0.5,0.4,0.071,0.057,-0.1
Adam Brooks,WPG,C,12,5.4,0.49,0.6,0.041,0.05,0.1
Sacha Boisvert,CHI,C,5,8.0,0.49,1.0,0.097,0.2,0.5
Brandon Gignac,MTL,C,5,4.4,0.49,0.6,0.097,0.11,0.1
Jason Polin,COL,R,9,9.1,0.48,0.6,0.053,0.061,0.1
Josiah Slavin,CHI,L,12,7.8,0.48,0.0,0.04,0.0,-0.5
Ben Harpur,NSH,D,40,26.0,0.48,0.4,0.012,0.01,-0.1
Kyle Turris,EDM,C,17,8.7,0.47,0.3,0.027,0.018,-0.2
Seamus Casey,NJD,D,11,16.5,0.46,3.0,0.042,0.273,2.5
Joona Luoto,CBJ,L,6,4.4,0.46,0.4,0.077,0.067,-0.1
Marcus Bjork,CBJ,D,27,18.8,0.46,1.2,0.017,0.044,0.7
Nicholas Abruzzese,TOR,C,6,3.3,0.46,0.3,0.076,0.05,-0.2
Connor Bunnaman,PHI,C,10,4.5,0.45,0.0,0.045,0.0,-0.5
Kris Russell,EDM,D,28,14.7,0.45,0.6,0.016,0.021,0.2
Riley Damiani,DAL,C,5,3.9,0.44,0.3,0.088,0.06,-0.1
Harrison Brunicke,PIT,D,7,15.0,0.44,1.0,0.062,0.143,0.6
Clark Bishop,OTT,C,11,7.8,0.44,0.8,0.04,0.068,0.3
Kevin Connauton,PHI,D,26,11.7,0.43,0.3,0.017,0.012,-0.1
Christian Wolanin,LAK,D,16,11.3,0.43,0.3,0.027,0.019,-0.1
Hunter McKown,CBJ,C,10,7.6,0.42,0.0,0.042,0.0,-0.4
Logan Shaw,OTT,R,10,6.0,0.42,0.3,0.042,0.03,-0.1
Isaac Ratcliffe,PHI,L,8,6.0,0.41,0.3,0.051,0.037,-0.1
Lukas Vejdemo,MTL,C,5,3.3,0.4,0.3,0.081,0.06,-0.1
Nicolas Meloche,SJS,D,31,15.6,0.4,0.6,0.013,0.019,0.2
Danil Zhilkin,WPG,C,6,7.0,0.39,0.0,0.065,0.0,-0.4
Cedric Paquette,MTL,C,14,6.3,0.38,0.0,0.027,0.0,-0.4
Gabriel Fortier,TBL,L,8,4.8,0.38,0.3,0.048,0.037,-0.1
Tyler Benson,EDM,L,17,8.3,0.37,0.3,0.022,0.018,-0.1
Matej Blumel,DAL,R,6,5.5,0.37,0.4,0.061,0.067,0.0
Jack Rathbone,VAN,D,15,11.2,0.36,0.4,0.024,0.027,0.0
Aidan McDonough,VAN,L,5,2.8,0.36,0.4,0.073,0.08,0.0
Jackson Cates,PHI,C,14,5.7,0.36,0.3,0.026,0.021,-0.1
T.J. Tynan,LAK,C,9,7.9,0.35,0.0,0.039,0.0,-0.4
Tanner Kero,DAL,C,12,5.4,0.35,0.0,0.029,0.0,-0.3
Brett Seney,TOR,L,7,5.4,0.34,0.4,0.049,0.057,0.1
Emil Martinsen Lilleberg,TBL,D,17,14.9,0.34,0.0,0.02,0.0,-0.3
Austin Poganski,WPG,R,10,4.8,0.33,0.0,0.033,0.0,-0.3
Filip Roos,CHI,D,14,13.0,0.33,0.4,0.024,0.029,0.1
Markus Niemelainen,EDM,D,24,13.3,0.33,0.0,0.014,0.0,-0.3
Otto Koivula,NYI,L,11,5.1,0.32,0.0,0.029,0.0,-0.3
Robin Salo,NYI,D,21,12.7,0.32,1.1,0.015,0.052,0.8
Andrew Poturalski,CAR,C,5,5.2,0.32,0.0,0.064,0.0,-0.3
Adam Raska,SJS,R,5,2.6,0.32,0.0,0.064,0.0,-0.3
Michael Callahan,BOS,D,15,15.2,0.32,0.8,0.021,0.05,0.4
Austin Wagner,CHI,L,7,7.2,0.32,0.4,0.045,0.057,0.1
Alex Barr-Boulet,TBL,C,6,5.8,0.31,0.0,0.052,0.0,-0.3
Gabriel Carlsson,CBJ,D,21,8.2,0.31,0.6,0.015,0.029,0.3
Mason Geertsen,NJD,D,12,6.1,0.3,0.0,0.025,0.0,-0.3
Steven Santini,STL,D,10,13.5,0.3,0.0,0.03,0.0,-0.3
Michael Del Zotto,OTT,D,21,15.3,0.29,0.9,0.014,0.043,0.6
Marshall Warren,NYI,D,6,14.0,0.29,0.0,0.048,0.0,-0.3
Matt Stienburg,COL,C,5,4.5,0.29,0.0,0.058,0.0,-0.3
Shane Bowers,COL,C,7,6.3,0.28,0.0,0.04,0.0,-0.3
Vasily Ponomarev,CAR,C,6,8.1,0.28,0.6,0.046,0.092,0.3
Guillaume Brisebois,VAN,D,15,12.2,0.28,0.4,0.018,0.027,0.1
Sean Farrell,MTL,C,5,4.4,0.27,0.4,0.055,0.08,0.1
Rocco Grimaldi,NSH,R,5,3.0,0.27,0.0,0.055,0.0,-0.3
Santeri Hatakka,SJS,D,17,11.7,0.27,0.0,0.016,0.0,-0.3
Louie Belpedio,PHI,D,9,7.7,0.27,1.1,0.03,0.122,0.8
Nick Merkley,SJS,R,7,3.6,0.26,0.3,0.038,0.043,0.0
Ryan Merkley,SJS,D,22,13.2,0.26,0.3,0.012,0.014,0.0
Quinn Hutson,EDM,R,5,6.2,0.26,1.0,0.052,0.2,0.7
Derrick Pouliot,SEA,D,16,10.3,0.25,0.0,0.016,0.0,-0.3
Kasper Bjorkqvist,PIT,R,5,2.4,0.25,0.3,0.051,0.06,0.0
Andrej Sekera,DAL,D,21,10.5,0.25,0.3,0.012,0.014,0.1
Helge Grans,PHI,D,5,6.0,0.24,0.0,0.049,0.0,-0.2
Andrej Sustr,ANA,D,25,11.7,0.23,0.3,0.009,0.012,0.1
Nikolai Knyzhov,SJS,D,14,10.6,0.23,0.4,0.016,0.029,0.2
Dillon Heatherington,OTT,D,6,2.6,0.22,0.0,0.037,0.0,-0.2
Max McCormick,SEA,L,7,3.9,0.21,0.0,0.029,0.0,-0.2
Joshua Brown,EDM,D,9,9.8,0.2,0.0,0.022,0.0,-0.2
Kyle Criscuolo,DET,C,5,2.9,0.19,0.4,0.038,0.08,0.2
Christian Jaros,NJD,D,9,4.2,0.18,0.0,0.02,0.0,-0.2
Libor Hajek,NYR,D,20,10.5,0.18,0.4,0.009,0.02,0.2
Lucas Johansen,WSH,D,9,6.5,0.18,0.0,0.02,0.0,-0.2
Kirill Kudryavtsev,VAN,D,5,9.0,0.18,0.0,0.035,0.0,-0.2
Petteri Lindbohm,FLA,D,7,4.8,0.17,0.0,0.025,0.0,-0.2
Cameron Crotty,UTA,D,7,11.1,0.17,0.0,0.025,0.0,-0.2
Adam Ginning,PHI,D,7,9.8,0.17,0.6,0.024,0.079,0.4
Maxence Guenette,OTT,D,5,5.6,0.15,0.0,0.031,0.0,-0.2
Greg Pateryn,ANA,D,9,6.3,0.15,0.3,0.017,0.033,0.1
Michal Kempny,WSH,D,9,6.0,0.15,0.3,0.017,0.033,0.1
Nikita Prishchepov,COL,C,5,5.2,0.15,0.0,0.029,0.0,-0.1
Cole McWard,VAN,D,6,6.6,0.14,0.4,0.023,0.067,0.3
Maxime Lajoie,CAR,D,6,4.2,0.14,0.0,0.023,0.0,-0.1
Olli Juolevi,DET,D,14,7.5,0.14,0.0,0.01,0.0,-0.1
Lawrence Pilut,BUF,D,11,7.2,0.14,0.4,0.012,0.036,0.3
Glenn Gawdin,CGY,C,6,3.0,0.13,0.0,0.022,0.0,-0.1
Brendan Guhle,ANA,D,6,3.9,0.12,0.0,0.021,0.0,-0.1
Andy Andreoff,NYI,C,5,2.8,0.12,0.3,0.024,0.06,0.2
Austin Strand,LAK,D,9,5.1,0.12,0.0,0.013,0.0,-0.1
Alexander True,SEA,C,5,1.8,0.09,0.0,0.019,0.0,-0.1
Slater Koekkoek,EDM,D,13,5.7,0.09,0.0,0.007,0.0,-0.1
Juuso Riikola,PIT,D,5,2.4,0.09,0.0,0.019,0.0,-0.1
Sami Niku,MTL,D,9,5.1,0.09,0.0,0.01,0.0,-0.1
Jakub Galvas,CHI,D,5,3.0,0.09,0.0,0.017,0.0,-0.1
John Moore,BOS,D,6,3.0,0.07,0.0,0.011,0.0,-0.1
Jeremy Davies,NSH,D,6,2.5,0.07,0.0,0.011,0.0,-0.1
Jacob Larsson,ANA,D,11,4.1,0.06,0.0,0.005,0.0,-0.1
Nick Cicek,SJS,D,5,2.4,0.06,0.0,0.012,0.0,-0.1
Akito Hirose,VAN,D,5,3.2,0.05,0.0,0.01,0.0,-0.1
Matt Tennyson,NSH,D,6,2.4,0.05,0.0,0.008,0.0,-0.1
Fredrik Claesson,TBL,D,5,2.1,0.03,0.0,0.006,0.0,-0.0
