fighter,division,elo,overall_rating,style,grappler_index,striker_index,SLpM,str_def,td_per15,td_def,ctrl_sec_per_round,sub_att_per15,finish_rate,gets_finished_rate,age,stance,n_fights
Petr Yan,Bantamweight,1805.6,90.3,balanced,0.513,0.855,4.93,0.596,1.67,0.864,44.1,0.17,0.25,0.0,33.4,Switch,16
Merab Dvalishvili,Bantamweight,1784.1,88.4,wrestler,0.914,0.581,4.34,0.54,5.13,0.76,95.5,0.36,0.118,0.059,35.4,Orthodox,17
Umar Nurmagomedov,Bantamweight,1764.8,86.7,wrestler,0.935,0.622,3.9,0.612,3.26,0.794,92.4,0.29,0.333,0.0,30.5,Orthodox,9
Sean O'Malley,Bantamweight,1754.6,83.7,striker,0.253,1.0,5.86,0.604,0.48,0.597,11.4,0.25,0.438,0.125,31.7,Switch,16
Cory Sandhagen,Bantamweight,1715.1,78.0,striker,0.433,0.916,4.69,0.567,1.23,0.564,53.7,0.28,0.438,0.062,34.2,Switch,16
Mario Bautista,Bantamweight,1708.9,77.8,balanced,0.599,0.743,5.01,0.548,1.83,0.558,59.0,0.75,0.357,0.143,33.0,Switch,14
David Martinez,Bantamweight,1699.0,75.1,striker,0.342,0.825,4.27,0.7,1.25,1.0,36.6,0.24,0.333,0.0,27.9,Orthodox,3
Song Yadong,Bantamweight,1695.8,74.1,striker,0.371,0.897,4.34,0.551,0.92,0.738,40.2,0.19,0.412,0.059,28.5,Orthodox,17
Raoni Barcelos,Bantamweight,1688.4,74.5,balanced,0.616,0.753,4.51,0.606,2.3,0.878,65.9,0.62,0.267,0.067,39.1,Orthodox,15
Payton Talbott,Bantamweight,1684.4,74.5,striker,0.479,0.982,5.12,0.451,1.2,0.72,50.8,0.31,0.5,0.0,27.8,Switch,6
Marcus McGhee,Bantamweight,1680.6,72.9,striker,0.24,0.92,4.9,0.577,0.8,0.9,27.4,0.35,0.5,0.0,36.1,Orthodox,6
Montel Jackson,Bantamweight,1667.1,70.3,balanced,0.713,0.703,3.16,0.593,2.37,0.67,75.3,0.34,0.308,0.0,34.2,Southpaw,13
Vinicius Oliveira,Bantamweight,1662.1,69.6,balanced,0.537,0.704,4.31,0.569,1.52,0.694,51.5,0.3,0.333,0.167,30.6,Switch,6
Raul Rosas Jr.,Bantamweight,1660.7,70.0,wrestler,1.0,0.441,2.31,0.548,4.86,0.333,112.6,0.69,0.429,0.0,21.7,Switch,7
Aiemann Zahabi,Bantamweight,1659.2,67.2,striker,0.174,0.854,4.4,0.692,0.5,0.839,21.3,0.11,0.182,0.182,38.6,Orthodox,11
Jose Aldo,Bantamweight,1656.6,66.1,striker,0.356,0.791,3.6,0.602,0.59,0.917,31.7,0.17,0.174,0.174,39.8,Orthodox,23
Henry Cejudo,Bantamweight,1636.5,64.8,balanced,0.494,0.685,3.7,0.559,1.77,0.714,55.1,0.18,0.25,0.062,39.4,Orthodox,16
Marlon Vera,Bantamweight,1632.6,64.7,striker,0.342,0.913,4.12,0.489,0.58,0.717,25.8,0.66,0.423,0.0,33.5,Switch,26
Deiveson Figueiredo,Bantamweight,1627.1,63.1,grappler,0.689,0.642,3.03,0.479,1.49,0.535,38.4,0.94,0.364,0.182,38.5,Orthodox,22
Jonathan Martinez,Bantamweight,1594.3,59.2,striker,0.341,0.928,4.35,0.57,0.62,0.684,41.2,0.15,0.267,0.067,32.2,Southpaw,15
Cody Garbrandt,Bantamweight,1582.4,54.5,balanced,0.281,0.681,3.02,0.589,0.98,0.818,21.7,0.08,0.353,0.294,35.0,Orthodox,17
Ricky Simon,Bantamweight,1579.8,57.5,balanced,0.701,0.597,3.21,0.604,3.39,0.784,74.7,0.31,0.294,0.118,33.8,Orthodox,17
Pedro Munhoz,Bantamweight,1579.7,57.9,striker,0.2,0.907,5.17,0.566,0.6,0.831,18.6,0.43,0.273,0.0,39.8,Orthodox,22
Rob Font,Bantamweight,1578.9,58.1,striker,0.289,0.954,4.93,0.577,0.83,0.371,25.9,0.34,0.333,0.048,39.0,Orthodox,21
Kyler Phillips,Bantamweight,1577.5,58.8,balanced,0.612,0.675,4.49,0.59,2.47,0.75,54.9,0.35,0.2,0.0,31.0,Orthodox,10
Chris Gutierrez,Bantamweight,1575.0,55.9,striker,0.234,0.906,4.32,0.634,0.56,0.679,19.5,0.14,0.2,0.067,35.2,Orthodox,15
Said Nurmagomedov,Bantamweight,1561.1,55.3,grappler,0.562,0.58,3.33,0.556,1.04,0.632,33.6,0.95,0.455,0.0,34.2,Orthodox,11
Javid Basharat,Bantamweight,1541.6,52.2,balanced,0.47,0.728,4.78,0.639,1.58,0.839,47.3,0.15,0.0,0.143,30.8,Orthodox,7
Felipe Lima,Bantamweight,1540.5,52.2,balanced,0.49,0.583,3.51,0.647,1.81,0.857,46.9,0.55,0.333,0.0,28.1,Orthodox,3
Patchy Mix,Bantamweight,1536.1,51.0,balanced,0.6,0.66,4.43,0.431,1.86,0.0,55.7,0.28,0.0,0.0,32.8,Southpaw,2
John Yannis,Bantamweight,1535.1,49.3,balanced,0.231,0.714,3.7,0.742,0.88,0.667,27.6,0.24,0.333,0.333,32.0,Southpaw,3
Gaston Bolanos,Bantamweight,1520.8,45.5,balanced,0.486,0.6,3.6,0.507,1.05,0.429,40.4,0.19,0.0,0.4,33.8,Orthodox,5
Cristian Quinonez,Bantamweight,1509.2,45.8,balanced,0.709,0.595,3.51,0.526,2.83,0.8,61.3,0.67,0.25,0.5,30.1,Orthodox,4
Bekzat Almakhan,Bantamweight,1506.7,43.4,balanced,0.233,0.566,2.98,0.366,0.88,0.417,28.1,0.24,0.333,0.0,28.7,Orthodox,3
Andre Fili,Bantamweight,1500.3,44.7,balanced,0.538,0.664,3.9,0.507,2.22,0.716,42.9,0.25,0.148,0.259,36.0,Orthodox,27
Aoriqileng,Bantamweight,1484.1,42.9,striker,0.399,0.889,4.49,0.487,1.3,0.583,36.9,0.12,0.2,0.2,33.0,Orthodox,10
Yanis Ghemmouri,Bantamweight,1463.3,32.5,balanced,0.306,0.554,3.43,0.356,1.02,0.0,43.7,0.28,0.0,1.0,31.4,Orthodox,2
Cameron Saaiman,Bantamweight,1460.9,40.6,striker,0.429,0.891,4.9,0.502,1.11,0.5,55.9,0.5,0.333,0.333,25.5,Southpaw,6
Vince Morales,Bantamweight,1436.0,35.2,balanced,0.435,0.563,3.52,0.545,0.94,0.644,29.7,0.45,0.083,0.083,35.6,Orthodox,12
Terrence Mitchell,Bantamweight,1412.7,27.1,balanced,0.548,0.533,3.4,0.419,2.25,0.0,41.1,0.28,0.0,1.0,36.5,Orthodox,2
JP Buys,Bantamweight,1401.8,25.4,grappler,0.575,0.39,2.68,0.374,1.05,0.286,32.8,1.34,0.0,0.75,30.1,Orthodox,4
Ricky Turcios,Bantamweight,1401.6,29.0,striker,0.378,0.749,4.08,0.473,1.23,0.441,48.3,0.41,0.0,0.333,33.0,Orthodox,6
Saimon Oliveira,Bantamweight,1386.0,24.4,grappler,0.582,0.494,3.2,0.416,0.98,0.333,38.5,1.04,0.0,0.75,35.2,Orthodox,4
Alexander Volkanovski,Featherweight,1768.8,86.4,balanced,0.506,0.893,5.68,0.587,1.61,0.689,55.0,0.26,0.278,0.111,37.3,Orthodox,18
Movsar Evloev,Featherweight,1743.9,82.7,wrestler,0.969,0.575,4.02,0.613,3.85,0.611,89.7,0.29,0.0,0.0,32.1,Orthodox,10
Diego Lopes,Featherweight,1741.8,80.9,balanced,0.522,0.753,3.9,0.464,1.07,0.742,35.9,0.89,0.5,0.0,31.5,Orthodox,10
Aljamain Sterling,Featherweight,1734.3,81.7,wrestler,0.853,0.636,4.26,0.592,2.39,0.449,86.8,0.62,0.261,0.087,36.7,Orthodox,23
Lerone Murphy,Featherweight,1705.0,76.0,striker,0.473,0.878,4.33,0.604,1.28,0.441,39.8,0.48,0.273,0.0,34.7,Orthodox,11
Kevin Vallejos,Featherweight,1698.4,77.5,striker,0.369,0.95,4.99,0.587,1.29,0.9,37.7,0.27,0.75,0.0,24.3,Switch,4
Jean Silva,Featherweight,1686.7,74.3,striker,0.423,0.954,4.47,0.533,1.34,0.781,20.3,0.68,0.714,0.143,29.1,Orthodox,7
Arnold Allen,Featherweight,1668.7,70.1,balanced,0.524,0.643,3.69,0.602,1.3,0.731,42.7,0.33,0.267,0.0,32.3,Southpaw,15
Steve Garcia,Featherweight,1655.7,69.9,striker,0.459,0.947,4.29,0.631,1.05,0.786,39.1,0.47,0.636,0.182,34.1,Southpaw,11
Yair Rodriguez,Featherweight,1655.6,67.5,striker,0.327,0.902,4.58,0.528,0.87,0.594,27.9,0.62,0.312,0.188,32.5,Orthodox,16
Melquizael Costa,Featherweight,1635.3,65.5,balanced,0.518,0.711,4.3,0.504,1.53,0.509,45.4,0.75,0.4,0.2,29.7,Southpaw,10
Youssef Zalal,Featherweight,1628.3,64.8,balanced,0.661,0.586,3.14,0.649,1.76,0.558,73.0,1.11,0.308,0.0,29.6,Switch,13
Brian Ortega,Featherweight,1628.1,63.8,balanced,0.398,0.665,3.94,0.493,1.06,0.545,28.7,0.85,0.5,0.143,34.5,Switch,14
David Onama,Featherweight,1605.5,61.9,striker,0.435,0.936,4.83,0.519,1.19,0.526,53.6,0.48,0.333,0.111,31.4,Orthodox,9
Aaron Pico,Featherweight,1578.6,57.0,wrestler,0.826,0.716,4.92,0.452,3.18,0.0,58.0,0.36,0.0,0.5,29.5,Orthodox,2
Josh Emmett,Featherweight,1548.0,51.2,balanced,0.37,0.69,3.79,0.596,1.15,0.438,27.0,0.16,0.235,0.235,41.0,Orthodox,17
Joshua Van,Flyweight,1781.3,88.0,striker,0.406,1.0,7.06,0.583,1.05,0.757,28.9,0.34,0.364,0.091,24.7,Orthodox,11
Manel Kape,Flyweight,1762.4,83.6,striker,0.266,0.973,4.19,0.574,0.71,0.811,20.6,0.36,0.545,0.0,32.6,Southpaw,11
Demetrious Johnson,Flyweight,1757.0,84.7,balanced,0.799,0.641,3.47,0.672,3.02,0.712,82.5,0.57,0.389,0.0,39.9,Orthodox,18
Tatsuro Taira,Flyweight,1756.4,84.2,grappler,1.0,0.6,2.98,0.44,3.03,0.462,115.8,1.11,0.6,0.1,26.4,Orthodox,10
Muhammad Mokaev,Flyweight,1738.4,81.5,grappler,1.0,0.422,2.22,0.575,3.97,0.25,110.9,0.8,0.571,0.0,25.9,Orthodox,7
Alexandre Pantoja,Flyweight,1716.0,80.0,grappler,0.947,0.65,4.18,0.498,2.59,0.692,80.6,0.93,0.444,0.056,36.2,Orthodox,18
Kyoji Horiguchi,Flyweight,1679.0,70.6,balanced,0.538,0.662,3.41,0.639,1.52,0.612,58.5,0.26,0.273,0.182,35.7,Orthodox,11
Asu Almabayev,Flyweight,1675.0,71.2,grappler,1.0,0.483,2.66,0.538,3.44,0.444,100.1,1.2,0.286,0.143,32.4,Orthodox,7
Brandon Moreno,Flyweight,1671.2,70.2,striker,0.476,0.77,3.74,0.599,1.41,0.653,53.0,0.45,0.3,0.05,32.5,Orthodox,20
Allan Nascimento,Flyweight,1667.5,69.5,grappler,0.809,0.42,2.27,0.573,1.29,0.4,79.9,0.91,0.333,0.0,34.8,Orthodox,6
Kai Kara-France,Flyweight,1650.5,66.0,striker,0.294,0.855,4.18,0.643,0.82,0.839,31.2,0.16,0.231,0.231,33.2,Orthodox,13
Joseph Benavidez,Flyweight,1648.1,66.1,striker,0.422,0.802,3.81,0.571,1.52,0.679,49.0,0.32,0.286,0.143,41.9,Southpaw,21
Steve Erceg,Flyweight,1637.2,64.2,striker,0.381,0.784,4.18,0.555,1.31,0.674,40.0,0.48,0.125,0.125,30.9,Orthodox,8
Ramazan Temirov,Flyweight,1635.3,65.9,striker,0.455,0.778,3.65,0.593,1.39,1.0,38.0,0.46,0.5,0.0,29.4,Orthodox,2
Alex Perez,Flyweight,1630.4,65.0,balanced,0.65,0.752,3.95,0.596,2.03,0.743,64.0,0.59,0.4,0.333,34.2,Orthodox,15
Tagir Ulanbekov,Flyweight,1628.3,65.0,grappler,0.972,0.505,3.1,0.506,2.37,0.633,94.6,1.24,0.25,0.125,34.9,Southpaw,8
Edgar Chairez,Flyweight,1626.4,63.2,grappler,0.472,0.533,3.38,0.456,0.6,0.333,23.8,1.24,0.429,0.0,30.4,Orthodox,7
Amir Albazi,Flyweight,1623.7,63.0,balanced,0.522,0.494,2.77,0.594,1.36,0.625,64.3,0.54,0.429,0.0,32.6,Orthodox,7
Dustin Ortiz,Flyweight,1614.8,63.0,wrestler,0.854,0.548,3.02,0.564,2.71,0.526,89.0,0.22,0.286,0.071,37.5,Orthodox,14
Brandon Royval,Flyweight,1614.6,63.7,grappler,0.676,0.664,4.98,0.43,0.9,0.452,27.2,0.99,0.333,0.25,33.8,Southpaw,12
Lone’er Kavanagh,Flyweight,1612.0,59.2,striker,0.464,0.724,3.69,0.562,1.41,0.941,44.1,0.46,0.0,0.25,27.0,Orthodox,4
Askar Askarov,Flyweight,1610.6,61.2,wrestler,0.762,0.523,3.15,0.579,2.18,0.667,76.0,0.53,0.0,0.0,33.7,Orthodox,5
Jussier Formiga,Flyweight,1603.8,57.4,balanced,0.642,0.408,1.79,0.641,1.79,0.871,77.2,0.6,0.188,0.25,41.2,Orthodox,16
John Dodson,Flyweight,1586.2,56.9,balanced,0.303,0.698,3.22,0.616,0.89,0.822,21.6,0.13,0.353,0.0,41.7,Orthodox,17
Charles Johnson,Flyweight,1584.6,57.1,striker,0.25,0.873,4.44,0.557,0.76,0.692,26.7,0.42,0.214,0.071,35.4,Switch,14
Tim Elliott,Flyweight,1575.3,57.6,grappler,0.987,0.504,3.48,0.564,3.31,0.594,80.2,1.0,0.136,0.227,39.5,Southpaw,22
Nate Maness,Flyweight,1571.6,54.8,balanced,0.534,0.637,3.19,0.425,1.03,0.8,40.2,0.68,0.429,0.143,35.0,Orthodox,7
Kai Asakura,Flyweight,1569.4,50.0,balanced,0.273,0.466,2.75,0.52,0.95,0.5,33.3,0.4,0.333,0.667,32.6,Orthodox,3
Alessandro Costa,Flyweight,1566.7,54.3,striker,0.352,0.852,3.59,0.529,1.21,0.84,33.4,0.56,0.571,0.286,30.4,Orthodox,7
Sergio Pettis,Flyweight,1566.7,53.5,striker,0.371,0.675,3.75,0.654,1.03,0.676,31.6,0.43,0.0,0.143,32.8,Orthodox,14
Ali Bagautinov,Flyweight,1566.1,55.2,wrestler,0.782,0.499,3.0,0.524,2.2,0.65,72.3,0.42,0.143,0.0,41.0,Orthodox,7
Rafael Estevam,Flyweight,1562.7,52.5,wrestler,0.908,0.38,2.57,0.45,3.34,0.667,100.4,0.48,0.0,0.25,29.9,Orthodox,4
Rei Tsuruya,Flyweight,1560.6,53.6,wrestler,0.747,0.422,2.51,0.419,2.3,0.5,74.0,0.4,0.333,0.0,24.0,Orthodox,3
Wilson Reis,Flyweight,1558.4,53.0,wrestler,0.969,0.322,2.17,0.559,4.33,0.474,94.2,0.63,0.154,0.231,41.5,Southpaw,13
Matheus Nicolau,Flyweight,1556.0,53.5,grappler,0.704,0.623,3.3,0.658,1.33,0.905,43.4,0.81,0.182,0.273,33.5,Orthodox,11
Zach Makovsky,Flyweight,1553.0,52.3,wrestler,0.782,0.41,2.43,0.623,2.97,0.565,66.4,0.44,0.0,0.0,43.2,Southpaw,7
Sumudaerji,Flyweight,1552.3,51.4,striker,0.364,0.792,3.94,0.622,0.91,0.72,32.6,0.56,0.091,0.273,30.4,Southpaw,11
Jose Ochoa,Flyweight,1551.5,54.8,grappler,0.581,0.648,4.22,0.586,0.98,0.655,34.7,0.8,0.25,0.0,25.5,Southpaw,4
Ben Nguyen,Flyweight,1547.1,52.6,grappler,0.617,0.575,3.43,0.594,0.76,0.632,36.9,0.89,0.429,0.286,37.9,Switch,7
HyunSung Park,Flyweight,1539.0,51.7,grappler,0.693,0.539,3.22,0.566,1.32,0.438,43.1,1.09,0.6,0.4,30.6,Orthodox,5
Felipe Bunes,Flyweight,1538.9,50.1,grappler,0.679,0.496,3.23,0.474,1.37,0.4,47.1,1.07,0.25,0.25,36.6,Orthodox,4
Jesus Aguilar,Flyweight,1522.6,48.6,grappler,0.656,0.461,2.87,0.607,1.31,0.462,43.6,0.96,0.286,0.143,30.3,Orthodox,7
Yuta Sasaki,Flyweight,1514.4,46.6,grappler,0.826,0.407,2.5,0.5,2.61,0.412,50.9,1.02,0.444,0.444,36.7,Southpaw,9
Cody Durden,Flyweight,1506.5,46.6,wrestler,0.995,0.507,3.25,0.508,3.52,0.565,90.5,0.66,0.125,0.375,35.2,Southpaw,16
Jose Torres,Flyweight,1501.8,44.2,striker,0.412,0.692,3.64,0.502,1.53,0.75,40.3,0.46,0.5,0.5,33.9,Orthodox,2
Neil Seery,Flyweight,1501.8,45.7,grappler,0.632,0.519,3.46,0.589,1.1,0.538,32.0,1.24,0.143,0.143,46.8,Orthodox,7
Zhalgas Zhumagulov,Flyweight,1498.7,44.9,striker,0.343,0.763,4.53,0.522,1.43,0.75,39.4,0.37,0.143,0.143,37.8,Switch,7
David Dvorak,Flyweight,1497.6,44.5,balanced,0.407,0.541,3.4,0.597,1.01,0.7,38.8,0.4,0.167,0.0,34.0,Orthodox,6
Francisco Figueiredo,Flyweight,1494.2,44.8,wrestler,0.845,0.49,2.66,0.616,2.08,0.762,69.4,0.56,0.25,0.25,36.7,Southpaw,4
Eric Shelton,Flyweight,1493.0,44.7,wrestler,0.793,0.444,2.85,0.635,2.36,0.462,59.8,0.38,0.0,0.0,35.4,Orthodox,6
Chico Camus,Flyweight,1492.6,42.8,balanced,0.568,0.482,2.82,0.646,1.07,0.721,67.5,0.49,0.0,0.125,41.4,Orthodox,8
Victor Altamirano,Flyweight,1492.3,45.0,balanced,0.548,0.654,3.82,0.541,2.27,0.591,54.1,0.28,0.167,0.0,35.4,Switch,6
Rogerio Bontorin,Flyweight,1492.0,44.5,grappler,0.914,0.498,2.75,0.521,2.39,0.481,71.1,0.81,0.167,0.167,34.2,Orthodox,6
Ryan Benoit,Flyweight,1491.6,41.7,balanced,0.329,0.602,3.0,0.582,0.71,0.723,27.5,0.51,0.222,0.222,36.8,Orthodox,9
Carlos Hernandez,Flyweight,1482.6,39.3,striker,0.413,0.682,3.46,0.507,1.8,0.64,48.4,0.25,0.0,0.429,32.7,Orthodox,7
Kevin Borjas,Flyweight,1482.0,37.8,balanced,0.241,0.571,3.0,0.487,0.66,0.789,32.1,0.28,0.0,0.333,28.5,Orthodox,6
Louis Smolka,Flyweight,1479.4,45.5,grappler,0.865,0.677,4.41,0.536,1.68,0.322,69.6,1.58,0.353,0.294,34.9,Orthodox,17
Jake Hadley,Flyweight,1479.1,43.6,grappler,0.524,0.546,3.65,0.602,0.72,0.579,41.0,0.82,0.286,0.0,29.9,Southpaw,7
Louis Gaudinot,Flyweight,1475.7,40.5,grappler,0.655,0.415,2.76,0.486,1.05,0.312,35.0,0.94,0.2,0.2,41.8,Orthodox,5
Jon Delos Reyes,Flyweight,1468.4,39.8,grappler,0.958,0.531,3.13,0.517,2.43,0.556,68.9,1.31,0.25,0.75,38.8,Orthodox,4
Felipe dos Santos,Flyweight,1461.2,36.7,striker,0.237,0.669,3.52,0.415,0.83,0.2,33.3,0.6,0.0,0.0,25.8,Orthodox,4
Jordan Espinosa,Flyweight,1459.2,36.9,striker,0.34,0.714,3.59,0.61,1.09,0.583,29.3,0.28,0.0,0.333,36.6,Orthodox,6
Dustin Pague,Flyweight,1454.7,36.6,grappler,0.829,0.449,2.3,0.412,1.28,0.556,57.7,1.82,0.167,0.333,38.9,Orthodox,6
Matt Schnell,Flyweight,1447.3,37.0,grappler,0.633,0.523,3.86,0.553,0.79,0.435,24.0,1.09,0.176,0.529,36.4,Orthodox,17
Ode Osbourne,Flyweight,1447.2,34.3,balanced,0.343,0.609,2.98,0.493,1.04,0.659,25.9,0.38,0.231,0.385,34.4,Southpaw,13
Clayton Carpenter,Flyweight,1442.5,38.1,grappler,0.75,0.521,3.35,0.462,1.48,0.5,61.0,1.05,0.4,0.2,30.0,Orthodox,5
Azat Maksum,Flyweight,1437.4,36.1,wrestler,0.704,0.415,3.02,0.525,2.58,0.857,49.8,0.47,0.0,0.0,31.4,Southpaw,4
Jimmy Flick,Flyweight,1435.3,34.6,grappler,0.831,0.419,2.26,0.413,2.1,0.0,60.1,1.71,0.333,0.333,35.8,Orthodox,6
Jose Johnson,Flyweight,1430.1,33.9,grappler,0.763,0.499,2.82,0.518,1.25,0.52,50.0,0.77,0.25,0.5,31.1,Orthodox,4
Mark De La Rosa,Flyweight,1426.5,31.8,balanced,0.345,0.488,3.19,0.489,0.95,0.4,39.8,0.37,0.143,0.286,31.8,Orthodox,7
Darrell Montague,Flyweight,1424.5,30.2,grappler,0.622,0.363,2.7,0.527,1.26,0.333,35.5,1.02,0.0,0.667,38.6,Southpaw,3
CJ Vergara,Flyweight,1421.6,32.2,striker,0.229,0.821,4.39,0.534,0.55,0.6,41.7,0.35,0.125,0.375,35.0,Orthodox,8
Carls John De Tomas,Flyweight,1419.6,29.1,balanced,0.48,0.475,2.77,0.449,1.56,0.667,44.4,0.46,0.0,0.5,29.8,Southpaw,2
Malcolm Gordon,Flyweight,1419.2,30.5,grappler,0.783,0.467,2.79,0.435,1.7,0.267,63.0,0.91,0.143,0.714,36.1,Switch,7
Jared Papazian,Flyweight,1408.1,28.3,balanced,0.337,0.525,3.3,0.448,0.95,0.5,49.7,0.4,0.0,0.333,38.4,Southpaw,3
Carlos Candelario,Flyweight,1393.9,27.1,balanced,0.62,0.547,3.34,0.426,1.77,0.8,56.1,0.69,0.0,0.5,35.0,Southpaw,2
Daniel Lacerda,Flyweight,1373.1,23.7,grappler,0.772,0.608,3.68,0.35,2.06,0.0,39.8,0.98,0.0,0.833,30.0,Switch,6
Ciryl Gane,Heavyweight,1799.3,90.5,striker,0.317,1.0,5.29,0.608,0.89,0.471,30.8,0.55,0.5,0.071,36.2,Orthodox,14
Tom Aspinall,Heavyweight,1773.8,91.0,wrestler,0.768,0.9,6.96,0.57,2.34,1.0,33.5,1.04,0.8,0.1,33.2,Orthodox,10
Josh Hokit,Heavyweight,1747.5,84.6,striker,0.404,1.0,7.97,0.44,1.18,0.75,50.4,0.19,0.75,0.0,28.6,Orthodox,4
Alexander Volkov,Heavyweight,1743.1,81.6,striker,0.377,1.0,5.12,0.544,0.79,0.694,29.7,0.16,0.368,0.105,37.7,Orthodox,19
Sergei Pavlovich,Heavyweight,1707.5,76.0,striker,0.268,0.961,4.64,0.558,0.77,0.75,31.9,0.09,0.583,0.167,34.1,Southpaw,12
Waldo Cortes Acosta,Heavyweight,1689.6,74.8,striker,0.362,1.0,5.21,0.547,0.7,0.739,31.7,0.17,0.385,0.0,34.7,Orthodox,13
Valter Walker,Heavyweight,1679.2,75.4,grappler,1.0,0.574,3.46,0.427,3.92,0.55,83.9,1.58,0.8,0.0,28.5,Orthodox,5
Brando Peričić,Heavyweight,1654.3,72.3,striker,0.201,1.0,7.74,0.583,0.94,0.714,32.4,0.22,1.0,0.0,31.9,Orthodox,3
Curtis Blaydes,Heavyweight,1631.9,67.5,wrestler,0.93,0.735,4.36,0.539,4.56,0.35,99.7,0.06,0.381,0.238,35.3,Orthodox,21
Rizvan Kuniev,Heavyweight,1618.9,61.4,balanced,0.352,0.698,4.5,0.463,1.1,0.913,55.2,0.25,0.0,0.0,34.3,Orthodox,2
Serghei Spivac,Heavyweight,1600.7,62.4,wrestler,0.939,0.614,3.93,0.522,3.36,0.636,77.4,0.46,0.4,0.267,31.4,Orthodox,15
Mick Parkin,Heavyweight,1599.7,61.5,striker,0.404,0.907,4.98,0.597,1.26,0.75,47.2,0.17,0.2,0.0,30.7,Orthodox,5
Derrick Lewis,Heavyweight,1589.7,54.5,balanced,0.303,0.704,2.77,0.399,0.67,0.524,29.5,0.04,0.5,0.344,41.4,Orthodox,32
Tyrell Fortune,Heavyweight,1581.1,59.5,wrestler,0.767,0.707,4.63,0.573,1.91,1.0,58.6,0.3,0.0,0.0,30.0,nan,1
Marcin Tybura,Heavyweight,1531.4,49.7,balanced,0.55,0.69,3.81,0.552,1.35,0.707,73.8,0.15,0.25,0.25,40.6,Orthodox,24
Ante Delija,Heavyweight,1501.4,45.0,striker,0.196,0.867,4.86,0.526,0.94,0.75,31.1,0.22,0.333,0.333,35.9,Orthodox,3
Carlos Ulberg,Light Heavyweight,1875.8,90.0,striker,0.339,1.0,4.89,0.507,0.64,0.857,21.7,0.18,0.636,0.091,35.6,Orthodox,11
Jon Jones,Light Heavyweight,1843.6,90.6,balanced,0.601,0.765,3.93,0.641,1.67,0.95,63.8,0.41,0.5,0.0,38.9,Orthodox,24
Magomed Ankalaev,Light Heavyweight,1775.4,83.6,balanced,0.452,0.738,3.26,0.562,0.8,0.875,69.3,0.06,0.375,0.125,34.0,Orthodox,16
Jiří Procházka,Light Heavyweight,1768.8,83.6,striker,0.399,0.959,4.22,0.454,0.64,0.684,37.0,0.18,0.667,0.333,33.7,Orthodox,9
Azamat Murzakanov,Light Heavyweight,1723.5,76.9,striker,0.274,0.891,3.39,0.558,0.78,0.889,33.4,0.22,0.714,0.143,37.2,Southpaw,7
Jan Błachowicz,Light Heavyweight,1719.0,75.5,balanced,0.467,0.687,3.26,0.522,0.94,0.695,39.5,0.32,0.318,0.091,43.3,Orthodox,22
Bogdan Guskov,Light Heavyweight,1715.4,75.0,striker,0.241,0.878,3.64,0.445,0.46,0.571,43.1,0.47,0.667,0.167,33.8,Orthodox,6
Daniel Cormier,Light Heavyweight,1693.9,74.7,balanced,0.648,0.697,3.85,0.505,1.45,0.765,77.0,0.48,0.467,0.067,47.3,Orthodox,15
Volkan Oezdemir,Light Heavyweight,1678.7,70.0,striker,0.282,0.91,4.06,0.554,0.58,0.8,33.3,0.12,0.375,0.188,36.8,Orthodox,16
Johnny Walker,Light Heavyweight,1666.8,66.5,balanced,0.345,0.715,2.91,0.489,0.4,0.5,24.5,0.31,0.438,0.25,34.2,Orthodox,16
Dustin Jacoby,Light Heavyweight,1651.8,67.0,striker,0.206,0.941,4.43,0.58,0.41,0.574,26.8,0.05,0.412,0.118,38.2,Orthodox,17
Aleksandar Rakić,Light Heavyweight,1642.2,63.8,balanced,0.485,0.68,3.57,0.512,0.73,0.857,76.8,0.16,0.182,0.273,34.4,Orthodox,11
Alonzo Menifield,Light Heavyweight,1636.9,63.4,balanced,0.454,0.711,3.19,0.509,0.57,0.8,57.2,0.19,0.389,0.222,38.7,Orthodox,18
Khalil Rountree Jr.,Light Heavyweight,1633.3,60.8,balanced,0.124,0.703,3.28,0.495,0.21,0.588,13.2,0.11,0.389,0.278,36.3,Southpaw,18
Nikita Krylov,Light Heavyweight,1631.1,65.0,grappler,0.844,0.688,3.4,0.477,1.55,0.532,81.1,0.86,0.476,0.333,34.3,Orthodox,21
Jamahal Hill,Light Heavyweight,1616.8,60.0,striker,0.117,0.918,4.51,0.45,0.31,0.708,23.7,0.07,0.364,0.273,35.1,Southpaw,11
Ryan Spann,Light Heavyweight,1616.8,60.6,grappler,0.707,0.55,2.5,0.436,0.97,0.581,53.2,0.98,0.5,0.312,34.8,Orthodox,16
Billy Elekana,Light Heavyweight,1615.0,60.5,grappler,0.59,0.544,2.76,0.462,0.96,0.0,47.1,0.51,0.5,0.25,31.1,Southpaw,4
Thiago Santos,Light Heavyweight,1613.1,59.8,balanced,0.365,0.724,3.12,0.539,0.8,0.655,35.9,0.08,0.458,0.25,42.5,Orthodox,24
Corey Anderson,Light Heavyweight,1605.2,61.5,balanced,0.788,0.649,3.82,0.592,3.73,0.833,98.9,0.06,0.2,0.267,36.7,Orthodox,15
Modestas Bukauskas,Light Heavyweight,1591.3,55.6,balanced,0.425,0.563,2.9,0.505,0.43,0.821,34.8,0.14,0.308,0.308,32.4,Switch,13
Jimmy Crute,Light Heavyweight,1580.8,57.8,grappler,1.0,0.602,2.95,0.397,3.13,0.583,86.5,1.37,0.5,0.333,30.3,Orthodox,12
Kennedy Nzechukwu,Light Heavyweight,1571.7,55.0,striker,0.402,0.863,3.74,0.512,0.61,0.808,46.4,0.21,0.467,0.267,34.0,Southpaw,15
Chris Weidman,Light Heavyweight,1569.9,55.0,grappler,0.874,0.548,2.7,0.51,2.49,0.724,76.3,0.62,0.35,0.35,42.0,Orthodox,20
Luke Rockhold,Light Heavyweight,1567.6,55.0,grappler,0.647,0.626,3.34,0.483,0.91,0.538,51.1,0.67,0.545,0.364,41.7,Southpaw,11
Ilir Latifi,Light Heavyweight,1562.5,53.0,wrestler,0.74,0.486,2.06,0.563,1.71,1.0,73.6,0.27,0.312,0.188,43.9,Orthodox,16
Alexander Gustafsson,Light Heavyweight,1557.7,52.2,balanced,0.469,0.69,3.36,0.514,1.27,0.837,43.7,0.33,0.389,0.333,39.4,Orthodox,18
Marcos Rogerio de Lima,Light Heavyweight,1554.8,53.1,wrestler,0.809,0.67,2.69,0.525,1.14,0.667,86.9,0.39,0.444,0.333,41.0,Orthodox,18
Johny Hendricks,Light Heavyweight,1554.4,54.3,wrestler,0.894,0.606,3.15,0.534,2.93,0.675,80.5,0.31,0.238,0.143,42.8,Southpaw,21
Oumar Sy,Light Heavyweight,1542.8,53.2,wrestler,0.76,0.529,3.19,0.668,1.81,0.667,76.7,0.31,0.4,0.2,30.6,Orthodox,5
Ed Herman,Light Heavyweight,1539.4,50.8,grappler,0.828,0.563,2.88,0.424,1.63,0.613,67.8,0.77,0.346,0.231,45.7,Orthodox,26
Tyson Pedro,Light Heavyweight,1536.9,50.5,grappler,0.584,0.629,2.6,0.565,0.77,0.5,39.7,0.54,0.545,0.182,34.8,Orthodox,11
Zhang Mingyang,Light Heavyweight,1527.2,47.2,striker,0.207,0.906,3.99,0.366,0.52,1.0,42.5,0.12,0.6,0.4,27.8,Orthodox,5
Nicolae Negumereanu,Light Heavyweight,1526.5,47.2,balanced,0.44,0.56,3.19,0.394,1.02,0.625,55.7,0.11,0.333,0.167,31.8,Orthodox,6
Da Woon Jung,Light Heavyweight,1522.0,47.1,balanced,0.54,0.583,2.97,0.493,1.35,0.759,57.0,0.18,0.333,0.222,32.5,Orthodox,9
Misha Cirkunov,Light Heavyweight,1521.1,48.0,grappler,0.799,0.486,2.64,0.578,2.33,0.769,54.3,0.91,0.462,0.462,39.3,Orthodox,13
Soa Palelei,Light Heavyweight,1520.5,46.7,balanced,0.598,0.57,2.16,0.484,1.57,0.818,73.2,0.1,0.571,0.286,48.9,Orthodox,7
Julius Walker,Light Heavyweight,1519.7,46.8,grappler,0.856,0.579,3.25,0.431,2.27,1.0,93.9,0.16,0.0,0.333,26.9,Orthodox,3
Francimar Barroso,Light Heavyweight,1519.5,46.5,wrestler,0.614,0.491,2.8,0.59,1.83,0.833,54.6,0.08,0.0,0.111,46.3,Orthodox,9
Ovince Saint Preux,Light Heavyweight,1519.5,44.9,balanced,0.349,0.625,2.63,0.472,0.78,0.684,31.6,0.29,0.393,0.286,43.2,Southpaw,28
Jimi Manuwa,Light Heavyweight,1519.2,44.7,balanced,0.346,0.674,2.75,0.492,0.6,0.71,42.7,0.27,0.417,0.417,46.3,Orthodox,12
Klidson Abreu,Light Heavyweight,1514.3,43.9,balanced,0.323,0.478,2.52,0.556,0.88,0.8,35.0,0.14,0.0,0.0,33.5,Orthodox,4
Andrew Sanchez,Light Heavyweight,1508.2,45.1,balanced,0.605,0.63,3.74,0.507,2.02,1.0,76.9,0.08,0.1,0.4,38.2,Orthodox,10
Patrick Cummins,Light Heavyweight,1496.5,44.3,balanced,0.75,0.622,3.56,0.559,3.25,0.286,92.2,0.15,0.154,0.462,45.6,Orthodox,13
Walt Harris,Light Heavyweight,1491.3,40.3,balanced,0.273,0.633,2.5,0.547,0.41,0.7,20.8,0.14,0.375,0.375,43.0,Southpaw,16
Devin Clark,Light Heavyweight,1491.1,41.4,wrestler,0.743,0.54,2.86,0.44,1.84,0.588,78.9,0.11,0.059,0.412,36.2,Orthodox,17
Chris Daukaus,Light Heavyweight,1485.2,39.9,balanced,0.182,0.697,3.09,0.555,0.39,1.0,25.8,0.09,0.5,0.5,36.7,Orthodox,8
Gokhan Saki,Light Heavyweight,1481.4,40.2,striker,0.201,0.84,3.58,0.532,0.77,1.0,35.7,0.18,0.5,0.5,42.7,Orthodox,2
Askar Mozharov,Light Heavyweight,1461.6,29.4,balanced,0.285,0.402,2.58,0.136,0.93,0.333,41.2,0.22,0.0,1.0,31.6,Orthodox,1
William Knight,Light Heavyweight,1460.8,35.8,balanced,0.466,0.534,2.3,0.373,1.33,0.45,43.5,0.4,0.143,0.143,38.2,Orthodox,7
Stanislav Nedkov,Light Heavyweight,1452.5,36.3,wrestler,0.711,0.547,2.85,0.436,1.65,0.0,64.6,0.14,0.25,0.5,44.5,Orthodox,4
Garreth McLellan,Light Heavyweight,1447.8,36.0,grappler,0.659,0.55,3.1,0.452,1.07,0.348,62.5,0.54,0.2,0.4,43.8,Southpaw,5
Brendson Ribeiro,Light Heavyweight,1447.0,32.7,balanced,0.4,0.498,2.5,0.513,0.9,0.214,25.8,0.42,0.143,0.571,29.8,Orthodox,7
Joachim Christensen,Light Heavyweight,1441.9,31.6,balanced,0.336,0.591,2.89,0.46,0.58,0.0,61.5,0.14,0.25,0.75,47.6,Orthodox,4
Marcin Prachnio,Light Heavyweight,1440.4,33.8,striker,0.185,0.844,4.46,0.546,0.4,0.531,21.0,0.07,0.091,0.545,37.9,Orthodox,11
Ihor Potieria,Light Heavyweight,1438.0,32.1,striker,0.289,0.8,3.48,0.515,0.82,0.667,41.4,0.09,0.125,0.625,30.1,Southpaw,8
Justin Ledet,Light Heavyweight,1437.7,33.3,balanced,0.384,0.498,2.99,0.49,0.55,0.429,25.1,0.23,0.143,0.286,37.7,Orthodox,7
Dalcha Lungiambula,Light Heavyweight,1436.0,32.6,balanced,0.554,0.541,2.75,0.53,1.55,0.778,61.8,0.1,0.143,0.571,38.9,Orthodox,7
Igor Pokrajac,Light Heavyweight,1433.6,31.4,balanced,0.415,0.545,2.22,0.404,0.85,0.514,48.1,0.23,0.231,0.308,47.5,Orthodox,13
Jeremy Kimball,Light Heavyweight,1431.2,29.4,balanced,0.333,0.568,2.31,0.494,0.96,0.5,36.5,0.14,0.25,0.75,35.5,Switch,4
Oluwale Bamgbose,Light Heavyweight,1430.8,30.3,balanced,0.357,0.572,2.35,0.554,0.89,0.375,31.7,0.12,0.2,0.6,38.9,Switch,5
Darko Stosic,Light Heavyweight,1424.6,35.6,wrestler,0.738,0.491,2.82,0.582,2.23,0.833,55.3,0.14,0.25,0.0,34.4,Orthodox,4
Andreas Michailidis,Light Heavyweight,1415.2,28.2,balanced,0.413,0.555,2.86,0.444,1.08,0.5,48.3,0.14,0.0,0.5,37.9,Orthodox,4
Cody Donovan,Light Heavyweight,1413.8,29.7,balanced,0.489,0.71,3.58,0.459,1.18,0.0,49.8,0.74,0.25,0.75,45.3,Orthodox,4
Tafon Nchukwi,Light Heavyweight,1410.6,31.1,striker,0.417,0.818,4.2,0.544,0.91,0.647,39.5,0.11,0.0,0.333,31.7,Orthodox,6
Zac Pauga,Light Heavyweight,1398.2,27.6,balanced,0.39,0.623,3.51,0.587,0.75,1.0,65.8,0.14,0.0,0.5,38.3,Orthodox,4
Daniel Jolly,Light Heavyweight,1387.0,18.5,balanced,0.27,0.446,2.28,0.156,0.77,0.25,40.5,0.18,0.0,1.0,41.8,Orthodox,2
Fabio Cherant,Light Heavyweight,1380.9,20.3,balanced,0.226,0.473,2.26,0.403,0.66,0.0,31.3,0.16,0.0,0.667,31.6,Southpaw,3
Vinicius Moreira,Light Heavyweight,1366.9,17.5,balanced,0.264,0.526,2.32,0.456,0.58,0.0,43.0,0.14,0.0,1.0,37.3,Orthodox,4
Charles Oliveira,Lightweight,1805.7,90.1,grappler,0.948,0.666,3.37,0.49,2.26,0.549,78.2,2.41,0.568,0.243,36.7,Orthodox,37
Justin Gaethje,Lightweight,1799.1,88.8,striker,0.293,1.0,5.6,0.513,0.64,0.741,24.9,0.15,0.438,0.312,37.6,Orthodox,16
Ilia Topuria,Lightweight,1795.7,91.0,balanced,0.649,0.805,4.11,0.641,1.7,0.938,56.2,0.83,0.7,0.1,29.4,Orthodox,10
Arman Tsarukyan,Lightweight,1761.7,86.2,wrestler,0.881,0.694,4.05,0.549,2.94,0.75,101.5,0.26,0.417,0.0,29.7,Orthodox,12
Benoît Saint Denis,Lightweight,1750.7,87.6,grappler,1.0,0.874,5.38,0.422,3.64,0.722,97.5,1.5,0.75,0.167,30.5,Southpaw,12
Max Holloway,Lightweight,1735.5,81.5,striker,0.33,1.0,6.66,0.586,0.42,0.814,20.1,0.33,0.406,0.062,34.5,Orthodox,32
Quillan Salkilld,Lightweight,1731.7,84.1,wrestler,0.836,0.786,4.72,0.476,4.31,0.75,65.6,0.67,0.8,0.0,26.5,Orthodox,5
Mateusz Gamrot,Lightweight,1700.1,76.6,wrestler,0.887,0.616,3.55,0.601,4.46,0.833,80.8,0.32,0.385,0.077,35.5,Southpaw,13
Mauricio Ruffy,Lightweight,1697.3,73.6,striker,0.188,0.924,4.0,0.59,0.8,0.824,29.1,0.3,0.667,0.167,30.0,Orthodox,6
Paddy Pimblett,Lightweight,1691.5,77.3,grappler,0.683,0.777,5.21,0.427,1.12,0.444,55.9,1.05,0.625,0.0,31.5,Orthodox,8
Renato Moicano,Lightweight,1687.3,74.7,grappler,0.747,0.642,4.19,0.597,1.73,0.643,57.2,0.59,0.476,0.238,37.1,Orthodox,21
Tom Nolan,Lightweight,1643.0,67.0,grappler,0.611,0.627,4.35,0.484,1.13,0.714,34.2,1.13,0.333,0.167,26.3,Southpaw,6
Manuel Torres,Lightweight,1630.7,69.3,balanced,0.574,0.917,5.88,0.511,1.98,0.9,31.6,0.89,0.833,0.167,31.2,Switch,6
Rafael Fiziev,Lightweight,1608.5,60.7,striker,0.392,0.909,4.69,0.499,1.12,0.904,28.2,0.19,0.25,0.25,33.3,Switch,12
Beneil Dariush,Lightweight,1595.6,61.0,wrestler,0.894,0.673,3.86,0.572,2.18,0.827,98.4,0.8,0.308,0.308,37.1,Southpaw,26
Dan Hooker,Lightweight,1569.0,55.8,striker,0.414,0.99,4.79,0.491,0.86,0.771,47.8,0.58,0.36,0.28,36.3,Switch,25
Khamzat Chimaev,Middleweight,1887.7,91.9,grappler,1.0,0.607,3.41,0.52,3.61,0.875,117.9,0.95,0.6,0.0,32.0,Orthodox,10
Kamaru Usman,Middleweight,1832.1,90.3,wrestler,0.862,0.687,3.86,0.552,2.41,0.898,111.0,0.14,0.263,0.053,38.1,Switch,19
Dricus Du Plessis,Middleweight,1830.6,91.7,wrestler,0.694,0.709,4.39,0.53,1.82,0.348,37.5,0.58,0.6,0.0,31.6,Switch,10
Sean Strickland,Middleweight,1821.7,90.3,balanced,0.416,0.816,5.45,0.606,0.72,0.688,27.6,0.18,0.24,0.08,35.2,Orthodox,25
Nassourdine Imavov,Middleweight,1804.4,89.6,grappler,0.639,0.666,3.85,0.587,0.82,0.814,45.3,0.79,0.333,0.0,29.5,Orthodox,12
Alex Pereira,Middleweight,1801.6,88.3,striker,0.286,0.971,4.16,0.539,0.36,0.791,15.4,0.24,0.615,0.154,38.9,Orthodox,13
Joe Pyfer,Middleweight,1799.8,89.5,grappler,0.569,0.616,3.09,0.527,1.11,0.667,34.7,0.6,0.75,0.0,29.5,Orthodox,8
Brendan Allen,Middleweight,1780.5,86.9,grappler,0.861,0.584,3.31,0.48,1.37,0.548,80.9,0.89,0.474,0.105,30.4,Orthodox,19
Michael Page,Middleweight,1768.5,79.5,balanced,0.222,0.545,2.67,0.617,0.54,0.684,32.0,0.17,0.0,0.0,39.0,Switch,5
Caio Borralho,Middleweight,1760.7,83.4,grappler,0.755,0.584,3.22,0.598,1.09,0.737,68.5,0.4,0.222,0.0,33.1,Southpaw,9
Robert Whittaker,Middleweight,1757.8,81.1,balanced,0.341,0.755,3.99,0.596,0.76,0.82,26.5,0.05,0.25,0.167,34.6,Orthodox,24
Gregory Rodrigues,Middleweight,1756.3,84.1,grappler,0.653,0.785,4.29,0.509,1.52,0.75,47.2,0.34,0.538,0.154,34.1,Orthodox,13
Paulo Costa,Middleweight,1751.5,82.0,striker,0.285,1.0,4.95,0.494,0.5,0.778,23.4,0.1,0.417,0.083,35.0,Orthodox,12
Ikram Aliskerov,Middleweight,1748.1,83.1,wrestler,0.725,0.762,4.43,0.412,1.73,1.0,53.6,0.17,0.6,0.2,32.9,Southpaw,5
Jan Blachowicz,Middleweight,1723.1,76.1,balanced,0.468,0.688,3.3,0.522,0.95,0.695,39.1,0.34,0.318,0.091,42.8,Orthodox,22
Anthony Hernandez,Middleweight,1722.0,80.1,grappler,1.0,0.597,3.65,0.509,3.99,0.682,110.1,1.12,0.583,0.25,32.3,Orthodox,12
Bo Nickal,Middleweight,1717.4,78.6,grappler,0.813,0.608,2.85,0.597,1.56,1.0,61.8,0.93,0.714,0.143,30.4,Southpaw,7
Christian Leroy Duncan,Middleweight,1716.5,76.9,balanced,0.369,0.765,3.8,0.528,0.58,0.633,54.9,0.12,0.556,0.0,30.7,Switch,9
Yoel Romero,Middleweight,1706.1,75.0,balanced,0.407,0.732,3.15,0.607,1.41,0.806,37.7,0.09,0.538,0.0,42.9,Southpaw,13
Dominick Reyes,Middleweight,1700.8,72.6,striker,0.248,0.952,4.02,0.496,0.43,0.829,24.3,0.25,0.467,0.267,36.3,Southpaw,15
Joaquin Buckley,Middleweight,1695.7,72.6,balanced,0.427,0.673,3.23,0.589,1.26,0.702,33.0,0.13,0.471,0.176,32.0,Southpaw,17
Glover Teixeira,Middleweight,1687.5,73.7,grappler,0.796,0.616,3.15,0.51,1.69,0.603,73.1,0.73,0.565,0.13,43.2,Orthodox,23
Roman Dolidze,Middleweight,1685.0,72.3,grappler,0.776,0.581,3.11,0.485,1.13,0.32,68.9,0.64,0.357,0.071,37.7,Orthodox,14
Israel Adesanya,Middleweight,1684.1,68.8,striker,0.127,0.881,3.77,0.558,0.25,0.764,16.0,0.18,0.263,0.211,36.7,Switch,19
Reinier de Ridder,Middleweight,1674.5,70.1,wrestler,0.753,0.515,2.68,0.468,1.89,0.4,75.6,0.45,0.5,0.167,35.5,Southpaw,6
Jared Cannonier,Middleweight,1665.6,68.3,striker,0.315,0.884,3.92,0.564,0.61,0.647,32.9,0.06,0.35,0.15,41.4,Switch,20
Kevin Holland,Middleweight,1659.9,67.4,balanced,0.435,0.711,3.64,0.5,0.79,0.578,36.6,0.54,0.379,0.172,33.4,Orthodox,29
Abus Magomedov,Middleweight,1651.6,66.6,wrestler,0.786,0.521,2.92,0.559,1.9,1.0,61.8,0.36,0.286,0.286,35.1,Orthodox,7
Stephen Thompson,Middleweight,1647.2,64.8,striker,0.244,0.876,3.83,0.549,0.38,0.633,22.4,0.06,0.273,0.136,42.4,Orthodox,22
Brunno Ferreira,Middleweight,1643.1,63.9,balanced,0.366,0.674,3.1,0.519,1.12,0.588,28.2,0.56,0.556,0.333,33.3,Orthodox,9
Derek Brunson,Middleweight,1642.7,66.2,wrestler,0.841,0.631,3.06,0.509,2.31,0.842,89.3,0.47,0.429,0.286,39.2,Southpaw,21
Edmen Shahbazyan,Middleweight,1640.4,64.9,grappler,0.649,0.67,3.06,0.493,1.31,0.66,47.2,0.34,0.467,0.267,28.5,Orthodox,15
Uriah Hall,Middleweight,1635.7,62.7,balanced,0.328,0.693,2.91,0.544,0.6,0.644,21.8,0.18,0.421,0.158,37.9,Orthodox,19
Chris Curtis,Middleweight,1634.6,63.5,striker,0.091,0.887,4.69,0.538,0.31,0.646,16.5,0.1,0.25,0.083,38.7,Orthodox,12
Li Jingliang,Middleweight,1633.8,64.7,balanced,0.379,0.768,3.98,0.566,1.12,0.605,27.3,0.07,0.444,0.167,36.4,Orthodox,18
Gilbert Burns,Middleweight,1631.3,63.9,grappler,0.735,0.549,3.0,0.525,1.81,0.537,61.9,0.41,0.32,0.2,39.7,Orthodox,25
Santiago Ponzinibbio,Middleweight,1630.2,63.2,striker,0.22,0.91,4.16,0.616,0.65,0.711,19.8,0.06,0.35,0.2,38.6,Orthodox,20
Michal Oleksiejczuk,Middleweight,1629.8,64.4,balanced,0.368,0.849,4.36,0.6,0.88,0.529,27.7,0.07,0.444,0.278,31.0,Southpaw,18
JunYong Park,Middleweight,1629.8,66.0,grappler,0.838,0.606,4.22,0.514,1.54,0.545,77.9,0.72,0.231,0.154,34.7,Orthodox,13
Roman Kopylov,Middleweight,1624.2,63.2,balanced,0.424,0.786,3.96,0.533,1.08,0.889,31.0,0.1,0.417,0.167,35.0,Southpaw,12
Jacare Souza,Middleweight,1613.7,62.3,grappler,0.748,0.572,2.7,0.595,1.34,0.625,73.7,0.63,0.5,0.188,41.4,Orthodox,16
Marvin Vettori,Middleweight,1607.1,62.9,grappler,0.707,0.592,4.47,0.561,1.37,0.685,54.1,0.39,0.111,0.0,32.2,Southpaw,18
Jack Hermansson,Middleweight,1605.2,61.4,grappler,0.616,0.622,4.34,0.57,1.29,0.808,46.3,0.34,0.316,0.316,37.5,Orthodox,19
Darren Till,Middleweight,1598.1,55.1,balanced,0.368,0.564,2.44,0.563,0.69,0.698,26.1,0.1,0.167,0.333,30.0,Southpaw,12
Jacob Malkoun,Middleweight,1597.9,61.4,wrestler,0.965,0.603,3.69,0.554,3.77,0.556,104.7,0.59,0.111,0.111,30.7,Orthodox,9
Krzysztof Jotko,Middleweight,1596.4,56.6,balanced,0.52,0.529,2.94,0.573,1.26,0.821,62.0,0.13,0.059,0.235,33.1,Southpaw,17
Punahele Soriano,Middleweight,1595.3,60.6,grappler,0.784,0.734,3.88,0.475,1.52,0.488,72.8,0.19,0.364,0.182,33.2,Southpaw,11
Michel Pereira,Middleweight,1594.2,58.6,balanced,0.463,0.672,3.76,0.514,1.09,0.759,25.2,0.53,0.333,0.133,32.4,Orthodox,15
Kelvin Gastelum,Middleweight,1593.3,57.3,balanced,0.405,0.643,3.46,0.573,1.02,0.604,40.2,0.12,0.192,0.154,34.5,Southpaw,26
Luke Barnatt,Middleweight,1589.5,58.7,balanced,0.39,0.613,3.87,0.591,0.85,0.636,24.7,0.39,0.333,0.0,27.1,Orthodox,6
Eryk Anders,Middleweight,1588.6,58.2,grappler,0.734,0.638,3.28,0.505,1.65,0.804,81.2,0.11,0.25,0.15,38.9,Southpaw,20
Kyle Daukaus,Middleweight,1585.8,56.6,grappler,0.847,0.526,2.69,0.429,1.55,0.769,89.3,1.05,0.3,0.3,33.3,Southpaw,10
Tom Breese,Middleweight,1582.2,55.6,balanced,0.318,0.696,3.04,0.605,0.41,0.706,43.8,0.74,0.5,0.25,29.3,Southpaw,8
Elizeu Zaleski dos Santos,Middleweight,1582.1,56.2,balanced,0.375,0.644,3.76,0.556,0.82,0.671,41.7,0.4,0.278,0.167,38.6,Orthodox,18
Anderson Silva,Middleweight,1578.8,55.6,balanced,0.367,0.724,2.74,0.595,0.29,0.763,18.1,0.3,0.56,0.16,45.5,Southpaw,25
Ion Cutelaba,Middleweight,1572.8,55.5,wrestler,0.778,0.585,3.52,0.475,2.85,0.756,55.6,0.19,0.286,0.381,32.5,Southpaw,21
Makhmud Muradov,Middleweight,1562.4,55.6,wrestler,0.708,0.599,3.56,0.61,2.14,0.778,41.5,0.25,0.286,0.143,34.0,Orthodox,7
Andre Muniz,Middleweight,1561.3,53.4,grappler,1.0,0.407,2.23,0.512,3.17,0.333,83.9,0.9,0.3,0.4,35.6,Southpaw,10
Anthony Smith,Middleweight,1556.3,50.2,balanced,0.284,0.655,2.87,0.444,0.51,0.5,20.9,0.4,0.44,0.28,36.8,Orthodox,25
Chidi Njokuani,Middleweight,1542.8,50.3,striker,0.206,0.908,4.36,0.572,0.35,0.75,42.2,0.22,0.3,0.3,37.1,Orthodox,10
Shawn Jordan,Middleweight,1542.8,51.9,grappler,0.696,0.622,2.72,0.496,1.36,0.889,67.3,0.11,0.6,0.2,30.9,Southpaw,10
Paul Craig,Middleweight,1542.0,48.7,grappler,0.607,0.469,2.35,0.434,1.23,0.353,37.3,1.03,0.429,0.381,37.8,Orthodox,21
Cody Brundage,Middleweight,1538.8,49.0,grappler,0.667,0.541,2.23,0.518,1.36,0.667,45.2,0.4,0.312,0.25,32.0,Orthodox,16
Marco Tulio,Middleweight,1533.2,51.9,balanced,0.42,0.82,4.73,0.563,0.99,0.0,38.4,0.19,0.5,0.25,31.9,Orthodox,4
Court McGee,Middleweight,1532.0,51.7,grappler,0.702,0.539,4.19,0.61,1.64,0.708,65.6,0.42,0.125,0.125,40.5,Orthodox,24
Rodolfo Vieira,Middleweight,1527.7,50.2,wrestler,0.758,0.531,3.11,0.492,2.19,0.6,72.6,0.69,0.455,0.182,36.6,Orthodox,11
Brad Tavares,Middleweight,1526.0,46.1,balanced,0.341,0.583,3.24,0.549,0.73,0.803,37.9,0.05,0.071,0.214,38.2,Orthodox,28
Ian Heinisch,Middleweight,1526.0,48.2,grappler,0.561,0.56,3.16,0.591,1.08,0.608,41.4,0.56,0.143,0.143,33.0,Orthodox,7
David Branch,Middleweight,1525.8,45.4,wrestler,0.771,0.395,1.97,0.567,1.83,0.438,86.3,0.12,0.111,0.556,37.5,Orthodox,9
Marc-Andre Barriault,Middleweight,1525.7,48.5,striker,0.27,0.887,4.76,0.492,0.48,0.681,32.0,0.14,0.235,0.235,36.0,Orthodox,17
Nordine Taleb,Middleweight,1524.9,49.3,grappler,0.76,0.582,3.35,0.668,1.64,0.739,60.8,0.1,0.167,0.333,38.2,Orthodox,12
Abdul Razak Alhassan,Middleweight,1522.6,46.7,balanced,0.372,0.704,2.78,0.549,0.76,0.509,35.9,0.18,0.429,0.214,39.4,Orthodox,14
Bruno Silva,Middleweight,1521.6,46.8,balanced,0.398,0.732,3.33,0.474,1.23,0.736,44.2,0.16,0.391,0.261,36.2,Orthodox,23
Rafael Natal,Middleweight,1507.7,46.1,wrestler,0.764,0.541,3.05,0.576,2.22,0.771,68.6,0.46,0.118,0.235,34.6,Orthodox,17
Alex Garcia,Middleweight,1501.7,45.8,wrestler,0.845,0.413,2.16,0.592,2.83,0.667,69.8,0.2,0.3,0.1,31.3,Orthodox,10
Armen Petrosyan,Middleweight,1496.4,43.0,striker,0.28,0.846,4.93,0.531,0.56,0.417,29.1,0.14,0.0,0.429,34.3,Orthodox,7
Clint Hester,Middleweight,1493.3,42.2,balanced,0.442,0.603,3.18,0.569,1.04,0.6,48.5,0.14,0.286,0.429,29.4,Orthodox,7
Gerald Meerschaert,Middleweight,1491.5,43.7,grappler,0.726,0.461,2.54,0.536,1.37,0.4,54.1,1.11,0.462,0.308,38.4,Southpaw,26
Andrey Pulyaev,Middleweight,1489.6,42.3,balanced,0.244,0.588,2.97,0.573,0.7,0.556,34.0,0.22,0.333,0.0,28.4,Southpaw,3
Igor Araujo,Middleweight,1488.2,40.5,grappler,0.652,0.417,2.39,0.498,1.02,0.222,69.3,0.46,0.0,0.25,34.6,Orthodox,4
Trevin Giles,Middleweight,1487.9,41.1,balanced,0.504,0.632,2.9,0.58,1.01,0.721,47.9,0.28,0.214,0.429,32.2,Orthodox,14
Karl Roberson,Middleweight,1477.4,37.9,balanced,0.467,0.526,2.51,0.577,0.8,0.407,46.6,0.45,0.2,0.6,31.8,Southpaw,10
Jack Marshman,Middleweight,1476.3,37.8,balanced,0.297,0.485,2.77,0.565,0.41,0.2,16.9,0.13,0.125,0.375,30.9,Orthodox,8
Sam Alvey,Middleweight,1476.2,38.4,balanced,0.203,0.645,2.97,0.528,0.22,0.821,19.9,0.1,0.25,0.25,36.3,Southpaw,24
John Allan,Middleweight,1475.5,42.2,grappler,0.72,0.497,3.43,0.536,1.41,0.4,39.7,0.65,0.0,0.0,28.7,Orthodox,3
Dusko Todorovic,Middleweight,1472.9,42.1,grappler,0.726,0.609,3.61,0.515,1.69,0.429,67.3,0.38,0.4,0.4,31.3,Orthodox,10
Brad Scott,Middleweight,1471.7,40.5,balanced,0.394,0.573,3.4,0.572,0.62,0.636,50.7,0.55,0.25,0.125,28.9,Orthodox,8
Phil Hawes,Middleweight,1469.9,42.2,grappler,0.777,0.706,4.3,0.559,1.64,0.909,72.5,0.28,0.25,0.5,35.0,Orthodox,8
Robert McDaniel,Middleweight,1465.8,40.2,grappler,0.811,0.444,2.55,0.568,1.07,0.5,69.9,0.77,0.333,0.333,30.9,Southpaw,3
Rhys McKee,Middleweight,1465.2,37.4,striker,0.201,0.778,3.96,0.473,0.49,0.476,40.6,0.15,0.167,0.333,30.0,Orthodox,6
Cyril Asker,Middleweight,1462.4,37.5,wrestler,0.816,0.428,2.53,0.357,1.93,1.0,67.2,0.45,0.4,0.6,32.1,Orthodox,5
Nick Roehrick,Middleweight,1460.9,32.8,balanced,0.438,0.426,3.03,0.44,0.98,0.0,40.2,0.31,0.0,1.0,30.0,Orthodox,1
Claudio Ribeiro,Middleweight,1456.4,33.3,balanced,0.46,0.592,2.81,0.296,0.8,0.667,42.1,0.19,0.25,0.75,31.6,Orthodox,4
Josh Fremd,Middleweight,1447.0,35.6,grappler,0.661,0.449,2.71,0.471,0.85,0.304,58.1,0.75,0.167,0.333,30.5,Orthodox,6
Markus Perez,Middleweight,1429.4,34.7,grappler,0.623,0.461,2.74,0.529,0.92,0.773,47.9,0.74,0.286,0.143,32.6,Orthodox,7
Colton Smith,Middleweight,1428.9,31.0,grappler,0.841,0.432,2.26,0.516,2.11,0.25,77.2,0.69,0.0,0.75,26.9,Orthodox,4
Laureano Staropoli,Middleweight,1427.2,33.1,balanced,0.347,0.5,3.32,0.54,0.99,0.48,33.4,0.15,0.0,0.0,28.7,Orthodox,6
Julian Marquez,Middleweight,1426.1,33.9,grappler,0.494,0.566,3.9,0.496,0.41,0.458,26.0,1.59,0.375,0.5,34.8,Orthodox,8
John Phillips,Middleweight,1421.3,28.5,balanced,0.331,0.473,2.2,0.493,0.49,0.077,23.6,0.15,0.167,0.5,35.4,Southpaw,6
Gadzhi Omargadzhiev,Middleweight,1419.7,30.3,balanced,0.368,0.483,2.77,0.388,1.15,0.6,37.7,0.26,0.0,0.0,29.7,Switch,2
Val Woodburn,Middleweight,1418.2,28.4,balanced,0.515,0.51,2.63,0.364,1.31,0.5,42.4,0.26,0.0,0.5,30.5,Orthodox,2
Mike Rhodes,Middleweight,1415.9,30.8,balanced,0.426,0.519,3.13,0.644,1.07,0.75,39.6,0.4,0.0,0.333,25.0,Orthodox,3
Rob Wilkinson,Middleweight,1414.7,27.4,wrestler,0.686,0.512,2.98,0.391,2.06,0.55,64.7,0.26,0.0,1.0,26.0,Orthodox,2
Jordan Williams,Middleweight,1406.0,25.8,balanced,0.373,0.492,3.01,0.386,0.96,0.8,44.7,0.22,0.0,0.667,31.1,Southpaw,3
Denis Tiuliulin,Middleweight,1404.2,26.7,balanced,0.398,0.593,3.19,0.38,0.98,0.72,31.0,0.15,0.167,0.667,36.2,Orthodox,6
Khadis Ibragimov,Middleweight,1402.8,27.8,balanced,0.483,0.577,3.3,0.473,1.06,0.81,58.9,0.34,0.0,0.5,25.4,Orthodox,4
Jamie Pickett,Middleweight,1401.9,26.5,balanced,0.402,0.512,2.69,0.482,1.1,0.75,37.0,0.12,0.0,0.444,35.5,Orthodox,9
Alen Amedovski,Middleweight,1374.4,19.7,balanced,0.349,0.381,2.0,0.462,0.61,0.0,25.6,0.19,0.0,0.75,34.4,Orthodox,4
Islam Makhachev,Welterweight,1906.1,91.1,grappler,1.0,0.575,2.69,0.62,2.8,0.913,119.9,0.88,0.611,0.056,34.1,Southpaw,18
Carlos Prates,Welterweight,1864.2,90.2,striker,0.349,0.967,4.17,0.477,0.6,0.795,25.7,0.15,0.875,0.0,32.7,Switch,8
Michael Morales,Welterweight,1849.7,91.4,striker,0.255,1.0,5.34,0.574,0.68,0.885,28.0,0.16,0.714,0.0,26.4,Orthodox,7
Shavkat Rakhmonov,Welterweight,1826.3,92.1,grappler,0.837,0.597,3.43,0.513,1.41,0.857,107.3,0.92,0.857,0.0,30.1,Orthodox,7
Ian Machado Garry,Welterweight,1801.0,88.4,striker,0.362,0.91,4.51,0.529,1.06,0.8,38.5,0.39,0.273,0.0,28.0,Orthodox,11
Gabriel Bonfim,Welterweight,1792.4,91.1,grappler,0.881,0.633,4.25,0.62,2.88,0.765,51.5,1.0,0.5,0.125,28.8,Orthodox,8
Jack Della Maddalena,Welterweight,1773.4,85.3,striker,0.235,0.971,4.7,0.607,0.68,0.633,21.5,0.22,0.5,0.1,29.6,Switch,10
Sean Brady,Welterweight,1771.5,87.5,grappler,1.0,0.602,3.99,0.599,3.0,0.867,109.2,0.72,0.364,0.182,33.5,Orthodox,11
Myktybek Orolbai,Welterweight,1764.0,85.9,wrestler,0.997,0.583,3.17,0.51,5.37,0.4,111.5,0.47,0.5,0.0,28.1,Orthodox,6
Yaroslav Amosov,Welterweight,1762.8,89.0,grappler,1.0,0.571,3.39,0.606,3.61,0.0,72.2,1.35,1.0,0.0,32.7,nan,2
Mike Malott,Welterweight,1738.5,81.3,balanced,0.56,0.755,3.88,0.571,1.52,0.727,43.4,0.54,0.625,0.125,34.4,Orthodox,8
Belal Muhammad,Welterweight,1710.5,77.1,wrestler,0.722,0.596,4.33,0.556,2.03,0.904,65.5,0.19,0.136,0.045,37.9,Orthodox,22
Leon Edwards,Welterweight,1709.4,73.1,balanced,0.521,0.62,2.79,0.528,1.28,0.637,58.0,0.37,0.2,0.1,34.2,Southpaw,20
Dustin Poirier,Welterweight,1706.0,78.4,grappler,0.723,0.85,5.16,0.523,1.23,0.63,51.7,1.01,0.469,0.219,36.5,Southpaw,32
Michael Chiesa,Welterweight,1690.7,73.0,grappler,1.0,0.394,2.29,0.58,2.85,0.659,93.5,0.94,0.409,0.273,38.3,Southpaw,22
Colby Covington,Welterweight,1689.5,74.5,wrestler,0.91,0.558,3.8,0.548,3.22,0.69,109.2,0.21,0.294,0.176,36.8,Orthodox,17
Uros Medic,Welterweight,1680.4,72.5,striker,0.307,1.0,4.72,0.557,0.66,0.556,19.1,0.13,0.7,0.3,32.8,Southpaw,10
Daniel Rodriguez,Welterweight,1679.0,72.0,striker,0.232,1.0,6.43,0.574,0.46,0.64,21.9,0.17,0.286,0.143,38.5,Southpaw,14
Jorge Masvidal,Welterweight,1673.2,70.6,striker,0.453,0.905,3.95,0.575,0.95,0.697,43.2,0.37,0.318,0.045,38.4,Orthodox,22
Nursulton Ruziboev,Welterweight,1666.5,69.4,balanced,0.476,0.666,3.11,0.489,1.05,0.333,37.7,0.19,0.6,0.0,31.5,Orthodox,5
Vicente Luque,Welterweight,1661.9,70.7,striker,0.451,0.992,4.66,0.516,0.96,0.597,39.7,0.66,0.6,0.12,34.4,Orthodox,25
Nate Diaz,Welterweight,1660.8,71.0,grappler,0.632,0.638,4.47,0.529,0.88,0.439,40.8,1.06,0.444,0.074,37.4,Southpaw,27
Shara Magomedov,Welterweight,1653.8,67.3,striker,0.144,0.945,5.06,0.437,0.57,0.714,24.2,0.18,0.333,0.0,31.2,Orthodox,6
Jalin Turner,Welterweight,1642.5,68.9,grappler,0.69,0.815,5.04,0.408,0.81,0.75,37.5,0.96,0.571,0.214,30.6,Southpaw,14
Gunnar Nelson,Welterweight,1640.1,66.3,grappler,0.949,0.455,2.17,0.488,1.88,0.684,88.0,0.89,0.5,0.062,36.6,Switch,16
Sam Patterson,Welterweight,1639.9,66.6,grappler,0.712,0.541,3.06,0.494,1.23,0.0,40.2,0.83,0.667,0.167,29.9,Orthodox,6
Tyron Woodley,Welterweight,1639.3,63.2,balanced,0.377,0.665,2.67,0.571,0.61,0.875,35.7,0.25,0.375,0.125,39.0,Orthodox,16
Joel Alvarez,Welterweight,1636.8,67.5,grappler,0.587,0.71,4.32,0.539,0.51,0.464,32.6,0.89,0.636,0.182,33.2,Orthodox,11
Jake Matthews,Welterweight,1635.8,64.9,balanced,0.604,0.613,3.4,0.605,1.44,0.641,64.4,0.7,0.333,0.208,31.8,Orthodox,24
Demian Maia,Welterweight,1634.9,65.2,grappler,0.889,0.393,2.01,0.636,2.37,0.615,98.8,0.93,0.364,0.061,43.6,Southpaw,33
Randy Brown,Welterweight,1634.1,64.3,striker,0.39,0.879,4.29,0.535,0.82,0.746,42.9,0.51,0.318,0.227,35.8,Orthodox,22
Neil Magny,Welterweight,1632.0,64.0,wrestler,0.722,0.612,3.43,0.518,2.1,0.554,58.9,0.29,0.27,0.27,38.4,Orthodox,37
Nicolas Dalby,Welterweight,1623.7,61.8,striker,0.416,0.746,3.85,0.522,1.01,0.591,63.3,0.15,0.067,0.067,41.0,Orthodox,15
Khaos Williams,Welterweight,1621.7,62.3,striker,0.173,0.922,4.65,0.411,0.38,0.517,36.0,0.12,0.455,0.091,32.1,Orthodox,11
Geoff Neal,Welterweight,1614.0,62.9,striker,0.382,0.98,4.72,0.57,0.74,0.897,40.2,0.18,0.429,0.214,35.5,Southpaw,14
King Green,Welterweight,1607.4,63.0,striker,0.433,0.991,6.23,0.622,1.29,0.703,41.8,0.3,0.233,0.2,39.7,Orthodox,30
Muslim Salikhov,Welterweight,1604.8,58.9,balanced,0.337,0.736,3.46,0.624,1.15,0.724,24.4,0.1,0.357,0.286,41.4,Orthodox,14
Alan Jouban,Welterweight,1599.7,60.9,striker,0.332,1.0,5.22,0.6,0.73,0.588,25.5,0.3,0.308,0.231,39.0,Southpaw,13
Albert Tumenov,Welterweight,1591.1,56.7,striker,0.212,0.828,3.76,0.585,0.61,0.75,23.2,0.15,0.375,0.25,24.8,Orthodox,8
Rafael Dos Anjos,Welterweight,1589.9,59.7,grappler,0.79,0.606,3.51,0.602,1.9,0.548,71.0,0.56,0.25,0.139,40.0,Southpaw,36
Charles Radtke,Welterweight,1589.8,59.1,grappler,0.881,0.601,2.96,0.547,1.78,1.0,102.9,0.48,0.429,0.286,35.8,Orthodox,7
Adriano Martins,Welterweight,1585.3,56.3,balanced,0.504,0.572,2.5,0.684,1.18,0.857,35.4,0.49,0.429,0.286,34.7,Southpaw,7
Davi Ramos,Welterweight,1581.0,58.2,wrestler,0.68,0.449,3.04,0.563,1.76,0.833,46.6,0.53,0.429,0.0,33.7,Orthodox,7
Ismail Naurdiev,Welterweight,1579.9,57.1,striker,0.466,0.784,3.69,0.649,1.46,0.732,53.5,0.26,0.143,0.0,29.3,Orthodox,7
Lyman Good,Welterweight,1575.0,58.1,striker,0.353,0.937,4.71,0.63,0.73,0.75,24.0,0.18,0.5,0.167,35.1,Orthodox,6
Kajan Johnson,Welterweight,1573.3,53.6,balanced,0.475,0.567,2.94,0.644,1.5,0.625,45.4,0.27,0.143,0.286,34.4,Orthodox,7
Chris Wade,Welterweight,1567.3,56.1,grappler,0.97,0.493,2.45,0.519,2.17,0.552,98.0,0.87,0.286,0.0,29.8,Orthodox,7
Curtis Millender,Welterweight,1563.3,53.5,striker,0.36,0.812,3.83,0.615,0.78,0.529,24.8,0.19,0.2,0.2,31.4,Orthodox,5
Drew Dober,Welterweight,1560.5,53.6,striker,0.248,0.925,4.39,0.531,0.71,0.582,34.4,0.12,0.444,0.259,37.4,Southpaw,27
Ramazan Emeev,Welterweight,1558.2,53.4,wrestler,0.758,0.487,2.94,0.655,2.05,0.667,69.8,0.61,0.0,0.125,35.1,Southpaw,8
Gabe Green,Welterweight,1552.1,54.0,striker,0.449,0.878,4.86,0.472,1.0,0.5,42.2,0.46,0.333,0.167,32.0,Switch,6
Claudio Silva,Welterweight,1549.8,53.8,grappler,0.856,0.454,2.9,0.46,2.37,0.444,80.8,0.89,0.375,0.0,39.9,Southpaw,8
Nik Lentz,Welterweight,1548.9,54.1,grappler,0.95,0.576,3.48,0.501,3.04,0.439,83.2,1.13,0.2,0.12,36.4,Orthodox,25
Max Griffin,Welterweight,1546.9,51.5,striker,0.433,0.828,3.71,0.58,1.44,0.695,44.5,0.27,0.158,0.105,40.4,Orthodox,19
Sergio Moraes,Welterweight,1543.5,49.9,balanced,0.496,0.511,2.72,0.6,1.25,0.75,48.9,0.43,0.286,0.214,37.3,Orthodox,14
Mike Perry,Welterweight,1541.6,51.4,striker,0.401,0.906,4.2,0.529,0.94,0.786,45.2,0.23,0.267,0.133,29.6,Orthodox,15
Kevin Lee,Welterweight,1538.5,53.5,grappler,0.962,0.581,3.86,0.503,2.87,0.75,101.2,0.7,0.368,0.263,30.8,Orthodox,19
Chance Rencountre,Welterweight,1534.1,47.3,balanced,0.522,0.38,2.43,0.494,1.39,0.167,66.0,0.39,0.25,0.25,32.8,Southpaw,4
Bassil Hafez,Welterweight,1531.0,47.7,wrestler,0.615,0.524,3.73,0.418,1.76,0.5,51.9,0.25,0.0,0.333,32.8,Orthodox,3
Warlley Alves,Welterweight,1521.8,49.0,grappler,0.767,0.582,3.18,0.507,1.26,0.63,55.7,0.77,0.375,0.25,33.4,Orthodox,16
Jordan Mein,Welterweight,1518.8,49.2,wrestler,0.797,0.595,3.26,0.653,2.01,0.727,63.3,0.36,0.222,0.222,28.8,Orthodox,9
Alex Morono,Welterweight,1514.3,47.1,striker,0.229,0.83,4.74,0.554,0.47,0.478,20.9,0.33,0.167,0.125,35.5,Orthodox,24
Matthew Semelsberger,Welterweight,1513.2,46.7,striker,0.486,0.817,3.77,0.541,1.12,0.457,46.9,0.39,0.182,0.182,32.0,Switch,11
Song Kenan,Welterweight,1508.5,45.2,striker,0.237,0.895,4.29,0.511,0.68,0.735,19.7,0.12,0.273,0.273,34.7,Orthodox,11
Bryan Barberena,Welterweight,1508.3,46.0,striker,0.236,0.949,5.07,0.442,0.36,0.5,27.0,0.3,0.263,0.263,34.9,Southpaw,19
Donald Cerrone,Welterweight,1502.9,46.6,striker,0.33,0.987,4.79,0.516,1.05,0.886,30.7,0.46,0.421,0.237,39.3,Orthodox,38
Thiago Moises,Welterweight,1501.8,44.6,grappler,0.728,0.453,2.65,0.526,1.41,0.525,57.7,0.95,0.25,0.25,31.1,Orthodox,16
Gleison Tibau,Welterweight,1498.8,45.7,grappler,1.0,0.363,2.18,0.635,3.75,0.921,87.6,0.78,0.179,0.179,34.7,Southpaw,28
Emil Meek,Welterweight,1497.4,43.4,grappler,0.643,0.474,3.14,0.387,0.84,0.475,46.9,0.72,0.0,0.0,31.5,Switch,4
Tim Means,Welterweight,1497.4,46.0,striker,0.383,0.996,4.89,0.602,1.17,0.648,38.9,0.19,0.267,0.267,40.6,Orthodox,30
Peter Sobotta,Welterweight,1492.8,42.9,balanced,0.602,0.545,2.6,0.589,1.5,0.778,76.9,0.49,0.2,0.2,33.5,Southpaw,10
Albert Duraev,Welterweight,1492.5,42.4,wrestler,0.669,0.505,3.46,0.595,1.62,0.667,63.0,0.37,0.0,0.5,34.5,Orthodox,4
Impa Kasanganay,Welterweight,1491.3,42.5,striker,0.364,0.735,4.07,0.593,1.21,0.667,37.0,0.47,0.25,0.5,27.7,Orthodox,4
Danny Roberts,Welterweight,1489.5,40.7,balanced,0.305,0.614,3.31,0.51,0.5,0.575,42.1,0.28,0.286,0.429,36.0,Southpaw,14
Mounir Lazzez,Welterweight,1487.2,44.0,balanced,0.558,0.789,5.62,0.535,1.61,0.714,49.9,0.22,0.0,0.5,35.2,Orthodox,4
Preston Parsons,Welterweight,1486.9,44.1,grappler,0.95,0.563,3.63,0.549,2.65,0.714,76.0,1.56,0.0,0.333,29.5,Orthodox,6
Alexander Yakovlev,Welterweight,1482.8,40.3,balanced,0.469,0.534,2.36,0.585,1.59,0.722,45.1,0.24,0.222,0.222,36.3,Southpaw,9
Dwight Grant,Welterweight,1474.1,39.8,balanced,0.4,0.578,3.34,0.61,0.91,0.655,21.5,0.15,0.125,0.25,37.8,Switch,8
Andre Fialho,Welterweight,1472.6,38.2,balanced,0.396,0.636,3.46,0.458,0.67,0.667,23.6,0.16,0.286,0.571,29.5,Orthodox,7
Pawel Pawlak,Welterweight,1471.9,39.1,balanced,0.433,0.482,2.86,0.539,1.24,0.7,38.7,0.25,0.0,0.0,26.4,Orthodox,3
Dhiego Lima,Welterweight,1468.7,38.2,balanced,0.466,0.572,3.29,0.582,1.3,0.735,40.3,0.58,0.091,0.455,32.4,Orthodox,11
Seth Baczynski,Welterweight,1465.0,38.7,balanced,0.446,0.534,3.26,0.514,1.04,0.484,54.0,0.66,0.273,0.273,33.5,Orthodox,11
Leo Kuntz,Welterweight,1464.8,37.2,grappler,0.685,0.451,3.06,0.459,1.61,0.333,59.2,0.51,0.0,0.5,32.2,Orthodox,2
Omar Morales,Welterweight,1462.9,37.8,balanced,0.455,0.545,3.38,0.589,0.83,0.625,36.3,0.16,0.0,0.286,37.4,Orthodox,7
Darian Weeks,Welterweight,1460.0,40.5,wrestler,0.63,0.61,4.07,0.52,1.67,1.0,51.6,0.25,0.0,0.0,28.8,Orthodox,3
Alessio Di Chirico,Welterweight,1459.7,38.3,balanced,0.417,0.614,3.44,0.615,1.45,0.833,33.4,0.12,0.182,0.273,32.7,Orthodox,11
Augusto Montano,Welterweight,1458.7,37.6,balanced,0.254,0.617,3.63,0.567,0.81,0.667,34.1,0.25,0.333,0.333,31.9,Orthodox,3
Pete Rodriguez,Welterweight,1457.1,37.7,striker,0.192,0.946,6.12,0.43,0.81,1.0,30.9,0.25,0.333,0.667,27.2,Switch,3
Christian Aguilera,Welterweight,1456.6,34.6,balanced,0.247,0.546,3.23,0.488,0.81,0.6,32.2,0.25,0.333,0.667,29.5,Switch,3
Takashi Sato,Welterweight,1455.5,35.0,balanced,0.365,0.581,2.77,0.441,1.0,0.609,27.2,0.16,0.286,0.429,32.9,Southpaw,7
Mickey Gall,Welterweight,1453.3,39.7,grappler,0.711,0.572,3.56,0.496,1.21,0.375,44.7,1.31,0.385,0.231,32.8,Switch,13
Ange Loosa,Welterweight,1437.7,38.7,wrestler,0.741,0.671,4.91,0.525,2.26,0.778,63.5,0.18,0.0,0.167,32.2,Orthodox,6
Gilbert Urbina,Welterweight,1436.9,36.4,grappler,0.774,0.748,4.66,0.446,2.14,0.0,54.6,0.58,0.25,0.75,29.3,Orthodox,4
Adam Fugitt,Welterweight,1433.6,33.6,balanced,0.391,0.673,4.43,0.514,1.55,0.5,39.2,0.18,0.167,0.667,37.0,Southpaw,6
Dominic Waters,Welterweight,1424.3,31.8,wrestler,0.869,0.342,2.35,0.396,2.56,0.286,78.6,0.25,0.0,0.333,27.1,Orthodox,3
Antonio Arroyo,Welterweight,1409.3,29.7,balanced,0.508,0.598,3.1,0.544,0.96,0.448,45.6,0.25,0.0,0.333,32.2,Orthodox,3
Aalon Cruz,Welterweight,1407.2,22.9,balanced,0.274,0.385,2.72,0.293,0.95,0.0,36.2,0.29,0.0,1.0,31.5,Switch,2
Yohan Lainesse,Welterweight,1406.5,26.9,balanced,0.418,0.561,2.97,0.589,1.21,0.727,33.7,0.47,0.0,0.75,31.4,Orthodox,4
Hayder Hassan,Welterweight,1396.6,23.2,balanced,0.264,0.574,3.21,0.481,0.95,0.25,33.6,0.29,0.0,1.0,33.2,nan,2
Jordan Wright,Welterweight,1395.3,29.2,wrestler,0.69,0.71,3.99,0.32,1.87,1.0,44.7,0.43,0.286,0.571,31.4,Orthodox,7
Amanda Nunes,Women's Bantamweight,1715.8,79.2,balanced,0.771,0.776,3.88,0.593,2.22,0.812,86.1,0.59,0.556,0.111,38.1,Orthodox,18
Kayla Harrison,Women's Bantamweight,1677.0,75.4,wrestler,0.852,0.562,3.69,0.66,1.85,1.0,110.1,0.6,0.667,0.0,36.0,Southpaw,3
Luana Santos,Women's Bantamweight,1650.8,69.9,wrestler,0.913,0.517,3.11,0.64,1.8,0.857,114.8,0.88,0.429,0.0,26.2,Orthodox,7
Ketlen Vieira,Women's Bantamweight,1641.2,64.1,balanced,0.678,0.472,2.88,0.505,1.31,0.9,89.8,0.5,0.067,0.067,34.8,Orthodox,15
Norma Dumont,Women's Bantamweight,1639.1,65.3,balanced,0.617,0.614,3.75,0.643,1.39,0.719,71.5,0.1,0.0,0.083,35.7,Orthodox,12
Ailin Perez,Women's Bantamweight,1637.2,65.9,wrestler,0.954,0.528,3.1,0.565,3.55,0.727,110.0,0.25,0.143,0.143,31.7,Switch,7
Joselyne Edwards,Women's Bantamweight,1622.4,64.1,balanced,0.54,0.684,4.2,0.5,1.25,0.62,60.4,0.5,0.308,0.0,30.7,Orthodox,13
Raquel Pennington,Women's Bantamweight,1620.1,62.8,striker,0.475,0.738,3.96,0.611,0.9,0.625,68.2,0.57,0.158,0.053,37.8,Orthodox,19
Michelle Montague,Women's Bantamweight,1617.1,62.1,wrestler,0.889,0.501,3.28,0.417,2.04,0.0,117.6,0.27,0.0,0.0,32.6,Southpaw,2
Irene Aldana,Women's Bantamweight,1611.0,62.3,striker,0.312,0.83,4.73,0.563,0.4,0.778,20.9,0.26,0.286,0.0,38.2,Orthodox,14
Julianna Peña,Women's Bantamweight,1608.8,60.9,balanced,0.71,0.546,3.13,0.572,1.56,0.241,79.4,0.65,0.333,0.25,36.8,Orthodox,12
Jacqueline Cavalcanti,Women's Bantamweight,1597.4,58.8,striker,0.175,0.776,4.6,0.686,0.53,0.857,33.0,0.16,0.0,0.0,28.8,Orthodox,6
Yana Santos,Women's Bantamweight,1594.7,57.8,striker,0.557,0.778,4.06,0.528,0.89,0.516,81.6,0.17,0.0,0.25,36.6,Orthodox,12
Bia Mesquita,Women's Bantamweight,1586.8,65.8,grappler,0.995,0.552,3.57,0.806,2.04,0.0,97.9,1.09,1.0,0.0,35.2,Orthodox,3
Melissa Croden,Women's Bantamweight,1583.3,59.4,balanced,0.642,0.629,3.83,0.594,1.61,0.667,72.4,0.37,0.333,0.0,35.2,nan,3
Holly Holm,Women's Bantamweight,1570.6,53.3,balanced,0.49,0.537,3.05,0.55,0.92,0.763,68.3,0.12,0.125,0.188,44.7,Southpaw,16
Karol Rosa,Women's Bantamweight,1549.4,55.0,balanced,0.641,0.762,5.33,0.497,1.2,0.704,83.5,0.22,0.0,0.0,31.5,Orthodox,13
Nora Cornolle,Women's Bantamweight,1535.3,48.4,balanced,0.347,0.581,2.9,0.562,0.65,0.476,49.2,0.28,0.333,0.167,36.5,Orthodox,6
Lauren Murphy,Women's Bantamweight,1528.9,49.4,balanced,0.443,0.58,3.78,0.568,1.12,0.673,55.3,0.24,0.2,0.067,42.9,Orthodox,15
Luana Carolina,Women's Bantamweight,1527.4,48.4,striker,0.451,0.78,4.09,0.521,0.61,0.653,54.1,0.5,0.1,0.2,33.0,Orthodox,10
Macy Chiasson,Women's Bantamweight,1520.6,47.9,balanced,0.648,0.584,3.03,0.449,1.6,0.625,87.5,0.36,0.357,0.143,34.9,Orthodox,14
Miesha Tate,Women's Bantamweight,1510.0,45.6,balanced,0.614,0.532,2.97,0.52,1.3,0.587,83.7,0.72,0.214,0.214,39.8,Orthodox,14
Daria Zhelezniakova,Women's Bantamweight,1506.1,44.8,striker,0.413,0.682,3.79,0.641,0.81,0.5,37.8,0.2,0.0,0.25,30.4,Orthodox,4
Julia Avila,Women's Bantamweight,1499.7,44.2,balanced,0.487,0.523,2.91,0.555,0.86,0.526,57.7,0.27,0.333,0.167,38.1,Orthodox,6
Mayra Bueno Silva,Women's Bantamweight,1496.0,44.1,balanced,0.44,0.575,3.31,0.516,0.63,0.633,44.2,0.96,0.286,0.071,34.8,Orthodox,14
Melissa Mullins,Women's Bantamweight,1477.4,41.2,balanced,0.664,0.583,3.41,0.529,1.58,0.857,96.1,0.18,0.2,0.4,34.9,Orthodox,5
Chelsea Chandler,Women's Bantamweight,1473.2,41.2,balanced,0.618,0.559,3.42,0.403,1.02,0.286,75.5,0.16,0.333,0.167,35.6,Southpaw,6
Montse Rendon,Women's Bantamweight,1471.7,39.6,balanced,0.59,0.443,3.16,0.573,1.56,0.857,71.8,0.35,0.0,0.25,37.3,Orthodox,4
Tainara Lisboa,Women's Bantamweight,1467.8,37.4,balanced,0.543,0.486,2.75,0.456,1.48,0.533,66.9,0.34,0.25,0.5,35.3,Orthodox,4
Priscila Cachoeira,Women's Bantamweight,1434.4,33.5,balanced,0.31,0.675,3.79,0.458,0.47,0.696,20.4,0.09,0.286,0.429,37.8,Orthodox,14
Irina Alekseeva,Women's Bantamweight,1404.5,29.5,balanced,0.379,0.528,3.27,0.455,0.82,0.5,44.3,0.37,0.25,0.25,36.0,Orthodox,4
Hailey Cowan,Women's Bantamweight,1401.0,28.0,wrestler,0.808,0.473,3.21,0.38,1.67,1.0,90.5,0.23,0.0,0.667,34.4,Southpaw,3
Valentina Shevchenko,Women's Flyweight,1783.0,87.6,wrestler,0.903,0.576,3.12,0.635,2.37,0.764,86.8,0.3,0.316,0.053,38.3,Southpaw,19
Erin Blanchfield,Women's Flyweight,1772.5,89.0,grappler,0.86,0.59,4.65,0.588,1.73,0.783,95.7,0.68,0.444,0.0,27.1,Orthodox,9
Natalia Silva,Women's Flyweight,1758.1,82.7,striker,0.295,0.815,4.37,0.663,0.76,0.903,33.2,0.13,0.25,0.0,29.4,Southpaw,8
Manon Fiorot,Women's Flyweight,1743.6,82.4,striker,0.367,0.846,4.95,0.669,1.15,0.875,47.4,0.12,0.333,0.0,36.3,Orthodox,9
Alexa Grasso,Women's Flyweight,1677.3,70.2,striker,0.363,0.733,4.0,0.587,0.62,0.548,35.9,0.59,0.2,0.067,32.9,Orthodox,15
Rose Namajunas,Women's Flyweight,1674.4,70.1,striker,0.514,0.724,3.42,0.637,1.4,0.621,57.7,0.34,0.263,0.105,34.0,Orthodox,19
Jasmine Jasudavicius,Women's Flyweight,1669.9,71.0,wrestler,0.885,0.495,3.37,0.517,2.13,0.75,119.7,0.52,0.25,0.083,37.3,Orthodox,12
Tracy Cortez,Women's Flyweight,1633.7,65.6,grappler,0.869,0.543,3.85,0.576,1.77,0.581,91.4,0.37,0.0,0.125,32.5,Orthodox,8
Maycee Barber,Women's Flyweight,1628.9,65.9,wrestler,0.718,0.63,3.97,0.575,1.42,0.481,64.4,0.16,0.308,0.077,28.1,Switch,13
Wang Cong,Women's Flyweight,1624.8,64.5,striker,0.437,0.93,4.93,0.635,0.93,0.842,39.4,0.31,0.2,0.2,34.1,Southpaw,5
Casey O'Neill,Women's Flyweight,1616.2,66.0,striker,0.52,0.943,6.08,0.576,1.33,0.7,67.5,0.55,0.5,0.125,28.7,Orthodox,8
Miranda Maverick,Women's Flyweight,1614.0,63.6,wrestler,0.815,0.498,3.33,0.617,1.94,0.452,82.4,0.37,0.25,0.0,29.0,Southpaw,12
Eduarda Moura,Women's Flyweight,1571.8,57.2,wrestler,0.846,0.459,3.18,0.585,2.56,0.8,96.0,0.29,0.2,0.0,32.3,Orthodox,5
JJ Aldrich,Women's Flyweight,1571.5,54.4,striker,0.351,0.727,3.87,0.619,0.84,0.675,52.2,0.07,0.059,0.118,33.7,Southpaw,17
Karine Silva,Women's Flyweight,1568.9,56.8,wrestler,0.862,0.435,2.79,0.537,1.83,0.294,66.3,1.02,0.375,0.0,32.5,Orthodox,8
Gabriella Fernandes,Women's Flyweight,1503.5,43.8,striker,0.276,0.717,3.62,0.531,0.83,0.69,34.7,0.27,0.167,0.167,32.9,Southpaw,6
Zhang Weili,Women's Strawweight,1721.0,78.5,balanced,0.66,0.698,4.2,0.531,1.77,0.636,77.6,0.44,0.308,0.077,36.9,Switch,13
Tatiana Suarez,Women's Strawweight,1700.6,76.5,wrestler,0.967,0.513,2.94,0.441,3.38,0.571,134.7,0.57,0.6,0.0,35.5,Southpaw,10
Fatima Kline,Women's Strawweight,1656.7,71.0,balanced,0.645,0.696,4.28,0.574,1.78,0.5,69.2,0.25,0.5,0.0,25.9,Orthodox,4
Denise Gomes,Women's Strawweight,1652.8,68.1,balanced,0.627,0.689,3.65,0.457,1.55,0.659,76.3,0.66,0.375,0.0,26.5,Orthodox,8
Yan Xiaonan,Women's Strawweight,1644.7,66.0,striker,0.403,0.786,4.4,0.603,1.02,0.649,34.2,0.12,0.077,0.077,37.0,Orthodox,13
Virna Jandiroba,Women's Strawweight,1641.6,67.1,grappler,0.979,0.43,2.57,0.555,2.68,0.727,111.4,1.14,0.308,0.0,38.1,Orthodox,13
Gillian Robertson,Women's Strawweight,1638.9,67.0,wrestler,0.91,0.496,2.71,0.56,2.38,0.389,125.3,0.75,0.5,0.1,31.1,Orthodox,20
Alexia Thainara,Women's Strawweight,1627.0,66.6,grappler,1.0,0.527,3.75,0.449,3.14,1.0,123.3,1.2,0.333,0.0,30.6,Orthodox,3
Tabatha Ricci,Women's Strawweight,1605.8,61.2,balanced,0.627,0.555,3.82,0.579,2.2,0.654,75.6,0.2,0.182,0.091,31.3,Orthodox,11
Mackenzie Dern,Women's Strawweight,1603.0,60.2,balanced,0.574,0.542,3.44,0.52,1.04,0.379,78.6,0.92,0.312,0.062,33.2,Orthodox,16
Loopy Godinez,Women's Strawweight,1592.1,60.8,balanced,0.739,0.634,4.22,0.624,2.66,0.766,79.3,0.74,0.133,0.067,32.8,Orthodox,15
Iasmin Lucindo,Women's Strawweight,1589.0,59.0,balanced,0.674,0.543,3.41,0.621,2.03,0.688,72.1,0.27,0.143,0.0,24.4,Orthodox,7
Tecia Pennington,Women's Strawweight,1583.8,57.6,striker,0.305,0.795,4.51,0.619,0.75,0.629,50.2,0.13,0.105,0.0,36.8,Orthodox,19
Amanda Lemos,Women's Strawweight,1575.8,54.4,balanced,0.573,0.645,2.75,0.453,1.07,0.63,51.1,0.63,0.333,0.2,39.1,Southpaw,15
Jéssica Andrade,Women's Strawweight,1571.0,58.4,balanced,0.622,0.87,5.48,0.542,1.85,0.75,61.4,0.31,0.3,0.3,34.7,Orthodox,30
Mizuki,Women's Strawweight,1564.3,54.4,striker,0.526,0.789,4.13,0.498,1.2,0.808,80.2,0.25,0.0,0.0,31.8,Orthodox,4
Marina Rodriguez,Women's Strawweight,1558.5,52.6,striker,0.319,0.777,4.08,0.559,0.5,0.612,26.6,0.31,0.133,0.133,39.1,Orthodox,15
Angela Hill,Women's Strawweight,1549.2,53.6,striker,0.354,0.877,5.1,0.603,0.85,0.727,45.4,0.18,0.1,0.067,41.4,Orthodox,30
Amanda Ribas,Women's Strawweight,1535.1,51.1,balanced,0.677,0.583,3.9,0.602,1.83,0.824,72.4,0.51,0.231,0.308,32.8,Orthodox,13
Jaqueline Amorim,Women's Strawweight,1528.8,53.2,grappler,0.954,0.477,2.71,0.549,1.77,0.0,92.7,2.24,0.714,0.0,31.0,Orthodox,7
Loma Lookboonmee,Women's Strawweight,1514.0,46.9,balanced,0.546,0.602,3.63,0.531,1.73,0.689,50.0,0.21,0.091,0.091,30.4,Orthodox,11
Viktoriia Dudakova,Women's Strawweight,1511.7,46.0,balanced,0.519,0.595,3.45,0.515,1.82,0.4,59.5,0.25,0.25,0.25,27.4,Orthodox,4
Elise Reed,Women's Strawweight,1490.6,39.9,balanced,0.452,0.581,3.27,0.517,0.79,0.531,36.6,0.15,0.0,0.556,33.5,Orthodox,9
Molly McCann,Women's Strawweight,1482.6,44.0,balanced,0.489,0.719,4.64,0.625,1.64,0.382,41.6,0.49,0.214,0.286,36.1,Orthodox,14
Melissa Martinez,Women's Strawweight,1480.9,40.7,balanced,0.509,0.58,3.71,0.533,1.08,0.5,48.1,0.28,0.0,0.333,28.8,Southpaw,3
Luana Pinheiro,Women's Strawweight,1474.5,39.8,balanced,0.495,0.535,3.42,0.596,2.08,0.714,41.0,0.29,0.0,0.286,33.6,Orthodox,7
Bruna Brasil,Women's Strawweight,1467.6,38.2,balanced,0.505,0.539,2.85,0.523,1.24,0.564,48.3,0.25,0.0,0.125,32.8,Orthodox,8
Julia Polastri,Women's Strawweight,1453.4,41.6,striker,0.489,0.87,5.06,0.58,1.06,0.615,50.1,0.33,0.2,0.0,28.3,Orthodox,5
Karolina Kowalkiewicz,Women's Strawweight,1452.9,38.6,striker,0.282,0.796,5.09,0.569,0.57,0.746,36.6,0.23,0.053,0.211,40.7,Orthodox,19
Xiong Jingnan,Women's Strawweight,1444.0,31.9,balanced,0.376,0.316,3.05,0.0,1.32,0.0,54.4,0.39,0.0,0.0,38.4,nan,1
Hannah Goldy,Women's Strawweight,1408.0,31.6,balanced,0.449,0.568,3.85,0.5,1.19,0.4,64.3,0.37,0.2,0.2,34.1,Orthodox,5
